{"schemaVersion":"1.0","appDefinitionTemplate":{"id":"/providers/Microsoft.PowerApps/apps/","type":"Microsoft.PowerApps/apps","tags":{"primaryDeviceWidth":"1366","primaryDeviceHeight":"768","supportsPortrait":"true","supportsLandscape":"true","primaryFormFactor":"Tablet","publisherVersion":"3.23011.20","minimumRequiredApiVersion":"2.2.0","hasComponent":"false","hasUnlockedComponent":"false","isUnifiedRootApp":"false","sienaVersion":"20230120T191913Z-3.23011.20.0"},"properties":{"appVersion":"2023-01-22T23:36:28Z","lifeCycleId":"Published","createdByClientVersion":{"major":3,"minor":23011,"build":20,"revision":0,"majorRevision":0,"minorRevision":0},"minClientVersion":{"major":3,"minor":23011,"build":20,"revision":0,"majorRevision":0,"minorRevision":0},"backgroundColor":"RGBA(0,176,240,1)","backgroundImageUri":"/2352124538604280144/N1a1b1f37-ede5-462b-85d4-27c9ad5b5a68-logoSmallFile","displayName":"PowerApps Form Design Sample","description":"","commitMessage":"","appUris":{"documentUri":{"value":"/2352124538604280144/N236f9a4b-29e7-4e9c-863e-de1e622c3a6f-document.msapp"},"imageUris":[],"additionalUris":[]},"createdTime":"0001-01-01T00:00:00Z","lastModifiedTime":"0001-01-01T00:00:00Z","sharedGroupsCount":0,"sharedUsersCount":0,"icons":{"smallIconUri":"/2352124538604280144/Nbbb7e4ff-6230-40f5-8ceb-163b5bf1046c-small.png","mediumIconUri":"/2352124538604280144/N2fe74346-7f11-42e5-a14b-564de07f1927-medium.png","largeIconUri":"/2352124538604280144/Nc6f559f1-0e10-4120-a034-90b7a1664610-large.png","wideIconUri":"/2352124538604280144/N31464170-369d-4a32-840a-f08698a358e9-wide.png"},"connectionReferences":{"b8e433d7-a723-4cd7-8869-d727dafa42d3":{"id":"445ca4a2-3a87-4370-8163-a2b83108b080","displayName":"SharePoint","iconUri":"https://connectoricons-prod.azureedge.net/u/juanq/gateway/greyhound/3000.150.11/1.0.1613.3116/sharepointonline/icon.png","dataSources":["WP Tracking List"],"dependencies":[],"dependents":[],"parameterHints":{},"parameterHintsV2":{},"isOnPremiseConnection":false,"bypassConsent":false,"dataSets":{"https://thepoweraddicts.sharepoint.com/sites/RDPower365":{"dataSources":{"WP Tracking List":{"tableName":"d134a418-db0b-4097-9a56-4e07b0122e12"}}}},"apiTier":"Standard","isCustomApiConnection":false,"actions":["providers/PowerPlatform.Governance/Operations/Read","providers/PowerPlatform.Governance/Operations/Write"]}},"databaseReferences":{},"almMode":"Solution","performanceOptimizationEnabled":true,"canConsumeAppPass":true,"enableModernRuntimeMode":false,"executionRestrictions":{"isTeamsOnly":false,"dataLossPreventionEvaluationResult":{"status":"Compliant","lastEvaluationDate":"2023-01-14T19:24:27.5400649Z","violations":[],"violationsByPolicy":[],"violationErrorMessage":"The app uses the following connectors: shared_sharepointonline, shared_commondataservice."}}},"appType":"ClassicCanvasApp","appComponents":[]}}