{"schemaVersion":"1.0","appDefinitionTemplate":{"id":"/providers/Microsoft.PowerApps/apps/","type":"Microsoft.PowerApps/apps","tags":{"primaryDeviceWidth":"1366","primaryDeviceHeight":"768","sienaVersion":"20201226T170913Z-3.20114.22.0","deviceCapabilities":"","supportsPortrait":"false","supportsLandscape":"true","primaryFormFactor":"Tablet","publisherVersion":"3.20114.22","minimumRequiredApiVersion":"2.2.0","hasComponent":"false","hasUnlockedComponent":"false","isUnifiedRootApp":"false"},"properties":{"appVersion":"2020-12-26T17:09:13Z","lifeCycleId":"Published","createdByClientVersion":{"major":3,"minor":20114,"build":22,"revision":0,"majorRevision":0,"minorRevision":0},"minClientVersion":{"major":3,"minor":20114,"build":22,"revision":0,"majorRevision":0,"minorRevision":0},"backgroundColor":"rgba(165, 34, 55, 1)","backgroundImageUri":"/10974353461456748664/N53a88aba-ab5e-4c11-80b5-3073391465fd-logoSmallFile","displayName":"Data Validations","description":"","commitMessage":"","appUris":{"documentUri":{"value":"/10974353461456748664/Nbfce5e90-568c-4a97-923b-45129ec482a1-document.msapp"},"imageUris":[]},"createdTime":"0001-01-01T00:00:00Z","lastModifiedTime":"0001-01-01T00:00:00Z","sharedGroupsCount":0,"sharedUsersCount":0,"icons":{"smallIconUri":"/10974353461456748664/N727d42c6-bb7c-473c-b3b5-f5946b52031f-small.png","mediumIconUri":"/10974353461456748664/N36689565-0740-40b5-90a2-c57a0bef6131-medium.png","largeIconUri":"/10974353461456748664/N2fc3f9e3-b211-4dfe-bf61-15208a9278bf-large.png","wideIconUri":"/10974353461456748664/N0abfcbb7-5513-4833-b01b-fb14734543c4-wide.png"},"connectionReferences":{"20255495-6920-4ec7-9a55-6e25f8ad463f":{"id":"d58cd99f-6898-42d8-adf3-b5a295472f98","displayName":"SharePoint","iconUri":"https://connectoricons-prod.azureedge.net/releases/v1.0.1426/1.0.1426.2268/sharepointonline/icon.png","dataSources":["Asset manager"],"dependencies":[],"dependents":[],"parameterHints":{},"isOnPremiseConnection":false,"bypassConsent":false,"dataSets":{"https://rdorrani.sharepoint.com/":{"dataSources":{"Asset manager":{"tableName":"23a90748-2b80-4792-82c2-51cdf2105719"}}}},"apiTier":"Standard","isCustomApiConnection":false}},"databaseReferences":{},"almMode":"Environment","performanceOptimizationEnabled":true,"canConsumeAppPass":true,"executionRestrictions":{"isTeamsOnly":false,"dataLossPreventionEvaluationResult":{"status":"Compliant","lastEvaluationDate":"2020-12-10T23:50:36.9256815Z","violationDetails":[]}}},"isAppComponentLibrary":false,"appType":"ClassicCanvasApp","appComponents":[]}}