{"schemaVersion":"1.0","appDefinitionTemplate":{"id":"/providers/Microsoft.PowerApps/apps/","type":"Microsoft.PowerApps/apps","tags":{"primaryDeviceWidth":"640","primaryDeviceHeight":"1136","sienaVersion":"20201128T204511Z-3.20111.52.0","deviceCapabilities":"","supportsPortrait":"true","supportsLandscape":"false","primaryFormFactor":"Phone","publisherVersion":"3.20111.52","minimumRequiredApiVersion":"2.2.0","hasComponent":"false","hasUnlockedComponent":"false","isUnifiedRootApp":"false"},"properties":{"appVersion":"2020-11-28T20:45:11Z","lifeCycleId":"Published","createdByClientVersion":{"major":3,"minor":20111,"build":52,"revision":0,"majorRevision":0,"minorRevision":0},"minClientVersion":{"major":3,"minor":20111,"build":52,"revision":0,"majorRevision":0,"minorRevision":0},"backgroundColor":"rgba(0, 176, 240, 1)","backgroundImageUri":"/11582993327695514634/N700f2d91-4b36-44c5-b169-8c12e140be2e-logoSmallFile","displayName":"Tabbed Form","description":"","commitMessage":"","appUris":{"documentUri":{"value":"/11582993327695514634/N2a5e306a-edee-4c34-9f93-a88a655906b0-document.msapp"},"imageUris":[]},"createdTime":"0001-01-01T00:00:00Z","lastModifiedTime":"0001-01-01T00:00:00Z","sharedGroupsCount":0,"sharedUsersCount":0,"icons":{"smallIconUri":"/11582993327695514634/Nd35034d7-5fbd-409c-b524-f9410d9bb525-small.png","mediumIconUri":"/11582993327695514634/Nfd912fdf-3e41-43b6-b7c2-cc1452532543-medium.png","largeIconUri":"/11582993327695514634/N6eadfebd-40a8-45b8-91f9-0a690289c738-large.png","wideIconUri":"/11582993327695514634/N0e34c42d-49bf-4adf-b830-3b8e0b9d7d79-wide.png"},"connectionReferences":{"21da9c14-48e1-4802-8221-ba9fc278d84c":{"id":"d58cd99f-6898-42d8-adf3-b5a295472f98","displayName":"SharePoint","iconUri":"https://connectoricons-prod.azureedge.net/releases/v1.0.1416/1.0.1416.2233/sharepointonline/icon.png","dataSources":["Work progress tracker"],"dependencies":[],"dependents":[],"parameterHints":{},"isOnPremiseConnection":false,"bypassConsent":false,"dataSets":{"https://rdorrani.sharepoint.com/":{"dataSources":{"Work progress tracker":{"tableName":"7243dc3e-0442-47ab-a2db-a60d43612420"}}}},"apiTier":"Standard","isCustomApiConnection":false}},"databaseReferences":{},"almMode":"Environment","performanceOptimizationEnabled":true,"canConsumeAppPass":true,"executionRestrictions":{"isTeamsOnly":false,"dataLossPreventionEvaluationResult":{"status":"Compliant","lastEvaluationDate":"2020-11-27T17:35:55.2002071Z","violationDetails":[]}}},"isAppComponentLibrary":false,"appType":"ClassicCanvasApp","appComponents":[]}}