{"schemaVersion":"1.0","appDefinitionTemplate":{"id":"/providers/Microsoft.PowerApps/apps/","type":"Microsoft.PowerApps/apps","tags":{"primaryDeviceWidth":"1366","primaryDeviceHeight":"768","sienaVersion":"1049c998-e28c-4d4d-b178-a1228fbbad75","deviceCapabilities":"","supportsPortrait":"false","supportsLandscape":"true","primaryFormFactor":"Tablet","publisherVersion":"3.20114.22","minimumRequiredApiVersion":"2.2.0","hasComponent":"false","hasUnlockedComponent":"false","isUnifiedRootApp":"false"},"properties":{"appVersion":"2021-01-10T17:38:56Z","lifeCycleId":"Published","createdByClientVersion":{"major":3,"minor":20114,"build":22,"revision":0,"majorRevision":0,"minorRevision":0},"minClientVersion":{"major":3,"minor":20114,"build":22,"revision":0,"majorRevision":0,"minorRevision":0},"backgroundColor":"rgba(165, 34, 55, 1)","backgroundImageUri":"/18429333013027898314/N7aed7f46-f135-433b-99ff-a8d99f60e98b-logoSmallFile","displayName":"Gallery Lookbook Share","description":"","commitMessage":"","appUris":{"documentUri":{"value":"/18429333013027898314/N0deec0b3-bcde-4e03-abb3-e21a4934beb4-document.msapp"},"imageUris":[]},"createdTime":"0001-01-01T00:00:00Z","lastModifiedTime":"0001-01-01T00:00:00Z","sharedGroupsCount":0,"sharedUsersCount":0,"icons":{"smallIconUri":"/18429333013027898314/Nbae8ae8a-cd94-4ff1-8910-3eed7e7ac693-small.png","mediumIconUri":"/18429333013027898314/N182c14e1-955a-4979-8261-3c3dc31f1a34-medium.png","largeIconUri":"/18429333013027898314/Nbb9f17d3-1dec-4c1f-b98c-bb203b7de53b-large.png","wideIconUri":"/18429333013027898314/Nd2e26d45-9216-4796-97d2-a031a8c57b6c-wide.png"},"connectionReferences":{},"databaseReferences":{},"almMode":"Environment","performanceOptimizationEnabled":true,"canConsumeAppPass":true,"executionRestrictions":{"isTeamsOnly":false,"dataLossPreventionEvaluationResult":{"status":"Compliant","lastEvaluationDate":"2021-01-02T00:50:15.5280958Z","violationDetails":[]}}},"isAppComponentLibrary":false,"appType":"ClassicCanvasApp","appComponents":[]}}