{"name":"9d6ab4af-4040-414a-a016-027f621c12e7","id":"/providers/Microsoft.Flow/flows/9d6ab4af-4040-414a-a016-027f621c12e7","type":"Microsoft.Flow/flows","properties":{"apiId":"/providers/Microsoft.PowerApps/apis/shared_logicflows","displayName":"Leave Request Approval Process flow","definition":{"metadata":{"workflowEntityId":null,"processAdvisorMetadata":null,"flowclientsuspensionreason":"None","flowclientsuspensiontime":null,"creator":{"id":"ddc02d42-c492-454d-94ce-778a07b5b8c6","type":"User","tenantId":"07446956-493d-42c8-ad05-e939cb52153f"},"provisioningMethod":"FromDefinition","failureAlertSubscription":true,"clientLastModifiedTime":"2021-06-02T18:04:13.2344493Z"},"$schema":"https://schema.management.azure.com/providers/Microsoft.Logic/schemas/2016-06-01/workflowdefinition.json#","contentVersion":"1.0.0.0","parameters":{"$connections":{"defaultValue":{},"type":"Object"},"$authentication":{"defaultValue":{},"type":"SecureObject"}},"triggers":{"manual":{"type":"Request","kind":"PowerApp","inputs":{"schema":{"type":"object","properties":{"ItemID_Inputs":{"type":"any","description":"Inputs","x-ms-powerflows-param-ispartial":false},"HREmail_Inputs":{"type":"any","description":"Inputs","x-ms-powerflows-param-ispartial":false}},"required":["ItemID_Inputs","HREmail_Inputs"]}}}},"actions":{"ItemID":{"runAfter":{},"type":"Compose","inputs":"@triggerBody()['ItemID_Inputs']"},"Get_item":{"runAfter":{"HREmail":["Succeeded"]},"type":"OpenApiConnection","inputs":{"host":{"apiId":"/providers/Microsoft.PowerApps/apis/shared_sharepointonline","connectionName":"shared_sharepointonline","operationId":"GetItem"},"parameters":{"dataset":"@outputs('SiteURL')","table":"Leave Request","id":"@outputs('ItemID')"},"authentication":{"value":"@json(decodeBase64(triggerOutputs().headers['X-MS-APIM-Tokens']))['$ConnectionKey']","type":"Raw"}}},"Get_manager_(V2)":{"runAfter":{"Get_item":["Succeeded"]},"type":"OpenApiConnection","inputs":{"host":{"apiId":"/providers/Microsoft.PowerApps/apis/shared_office365users","connectionName":"shared_office365users","operationId":"Manager_V2"},"parameters":{"id":"@outputs('Get_item')?['body/Author/Email']"},"authentication":{"value":"@json(decodeBase64(triggerOutputs().headers['X-MS-APIM-Tokens']))['$ConnectionKey']","type":"Raw"}}},"Manager_Approval":{"runAfter":{"Get_manager_(V2)":["Succeeded"]},"type":"OpenApiConnection","inputs":{"host":{"apiId":"/providers/Microsoft.PowerApps/apis/shared_approvals","connectionName":"shared_approvals","operationId":"CreateAnApproval"},"parameters":{"approvalType":"Basic","ApprovalCreationInput/title":"Leave Request Manager Approval - @{outputs('Get_item')?['body/Title']}","ApprovalCreationInput/assignedTo":"@{outputs('Get_manager_(V2)')?['body/mail']};","ApprovalCreationInput/details":"@{outputs('Get_item')?['body/Title']}\n@{outputs('Get_item')?['body/LeaveType/Value']}","ApprovalCreationInput/itemLink":"@outputs('Get_item')?['body/{Link}']","ApprovalCreationInput/itemLinkDescription":"@outputs('Get_item')?['body/Title']","ApprovalCreationInput/enableNotifications":true,"ApprovalCreationInput/enableReassignment":true},"authentication":{"value":"@json(decodeBase64(triggerOutputs().headers['X-MS-APIM-Tokens']))['$ConnectionKey']","type":"Raw"}}},"Update_item":{"runAfter":{"Manager_Approval":["Succeeded"]},"type":"OpenApiConnection","inputs":{"host":{"apiId":"/providers/Microsoft.PowerApps/apis/shared_sharepointonline","connectionName":"shared_sharepointonline","operationId":"PatchItem"},"parameters":{"dataset":"@outputs('SiteURL')","table":"Leave Request","id":"@outputs('Get_item')?['body/ID']","item":{"ApprovalLink":"@{outputs('Manager_Approval')?['body/respondLink']}"}},"authentication":{"value":"@json(decodeBase64(triggerOutputs().headers['X-MS-APIM-Tokens']))['$ConnectionKey']","type":"Raw"}}},"Wait_for_an_approval":{"runAfter":{"Update_item":["Succeeded"]},"type":"OpenApiConnectionWebhook","inputs":{"host":{"apiId":"/providers/Microsoft.PowerApps/apis/shared_approvals","connectionName":"shared_approvals","operationId":"WaitForAnApproval"},"parameters":{"approvalName":"@outputs('Manager_Approval')?['body/name']"},"authentication":{"value":"@json(decodeBase64(triggerOutputs().headers['X-MS-APIM-Tokens']))['$ConnectionKey']","type":"Raw"}}},"SiteURL":{"runAfter":{"ItemID":["Succeeded"]},"type":"Compose","inputs":"https://thepoweraddicts.sharepoint.com/sites/RDPower365"},"Condition_Manager_Approval_Outcome":{"actions":{"Apply_to_each_approved_by_manager":{"foreach":"@outputs('Wait_for_an_approval')?['body/responses']","actions":{"HR_Approval":{"runAfter":{},"type":"OpenApiConnection","inputs":{"host":{"apiId":"/providers/Microsoft.PowerApps/apis/shared_approvals","connectionName":"shared_approvals","operationId":"CreateAnApproval"},"parameters":{"approvalType":"Basic","ApprovalCreationInput/title":"Leave Request HR Approval - @{outputs('Get_item')?['body/Title']}","ApprovalCreationInput/assignedTo":"@outputs('HREmail')","ApprovalCreationInput/details":"@{outputs('Get_item')?['body/Title']}\n@{outputs('Get_item')?['body/LeaveType/Value']}","ApprovalCreationInput/itemLink":"@outputs('Get_item')?['body/{Link}']","ApprovalCreationInput/itemLinkDescription":"@outputs('Get_item')?['body/Title']","ApprovalCreationInput/enableNotifications":true,"ApprovalCreationInput/enableReassignment":true},"authentication":{"value":"@json(decodeBase64(triggerOutputs().headers['X-MS-APIM-Tokens']))['$ConnectionKey']","type":"Raw"}}},"Wait_for_HR_Approval":{"runAfter":{"Manager_Approved":["Succeeded"]},"type":"OpenApiConnectionWebhook","inputs":{"host":{"apiId":"/providers/Microsoft.PowerApps/apis/shared_approvals","connectionName":"shared_approvals","operationId":"WaitForAnApproval"},"parameters":{"approvalName":"@outputs('HR_Approval')?['body/name']"},"authentication":{"value":"@json(decodeBase64(triggerOutputs().headers['X-MS-APIM-Tokens']))['$ConnectionKey']","type":"Raw"}}},"Condition_HR_Approval":{"actions":{"Apply_to_each_approved_by_hr":{"foreach":"@outputs('Wait_for_HR_Approval')?['body/responses']","actions":{"HR_Approved":{"runAfter":{},"type":"OpenApiConnection","inputs":{"host":{"apiId":"/providers/Microsoft.PowerApps/apis/shared_sharepointonline","connectionName":"shared_sharepointonline","operationId":"PatchItem"},"parameters":{"dataset":"@outputs('SiteURL')","table":"Leave Request","id":"@outputs('Get_item')?['body/ID']","item":{"Status":{"Value":"Approved"},"ApprovalComments":"✔️ Approved By HR ( @{items('Apply_to_each_approved_by_hr')?['responder/displayName']} ) : @{items('Apply_to_each_approved_by_hr')?['comments']}                  @{outputs('Manager_Approved')?['body/ApprovalComments']}"}},"authentication":{"value":"@json(decodeBase64(triggerOutputs().headers['X-MS-APIM-Tokens']))['$ConnectionKey']","type":"Raw"}}}},"runAfter":{},"type":"Foreach"}},"runAfter":{"Wait_for_HR_Approval":["Succeeded"]},"else":{"actions":{"Apply_to_each_rejected_by_hr":{"foreach":"@outputs('Wait_for_HR_Approval')?['body/responses']","actions":{"HR_Rejected":{"runAfter":{},"type":"OpenApiConnection","inputs":{"host":{"apiId":"/providers/Microsoft.PowerApps/apis/shared_sharepointonline","connectionName":"shared_sharepointonline","operationId":"PatchItem"},"parameters":{"dataset":"@outputs('SiteURL')","table":"Leave Request","id":"@outputs('Get_item')?['body/ID']","item":{"Status":{"Value":"Declined"},"ApprovalComments":"❌ Rejected By HR ( @{items('Apply_to_each_rejected_by_hr')?['responder/displayName']} ) : @{items('Apply_to_each_rejected_by_hr')?['comments']}                  @{outputs('Manager_Approved')?['body/ApprovalComments']}"}},"authentication":{"value":"@json(decodeBase64(triggerOutputs().headers['X-MS-APIM-Tokens']))['$ConnectionKey']","type":"Raw"}}}},"runAfter":{},"type":"Foreach"}}},"expression":{"equals":["@outputs('Wait_for_HR_Approval')?['body/outcome']","Approve"]},"type":"If"},"Manager_Approved":{"runAfter":{"HR_Approval":["Succeeded"]},"type":"OpenApiConnection","inputs":{"host":{"apiId":"/providers/Microsoft.PowerApps/apis/shared_sharepointonline","connectionName":"shared_sharepointonline","operationId":"PatchItem"},"parameters":{"dataset":"@outputs('SiteURL')","table":"Leave Request","id":"@outputs('Get_item')?['body/ID']","item":{"Status":{"Value":"Pending HR Approval"},"ApprovalComments":"✔️ Approved By Manager ( @{items('Apply_to_each_approved_by_manager')?['responder/displayName']} ) : @{items('Apply_to_each_approved_by_manager')?['comments']}","ApprovalLink":"@{outputs('HR_Approval')?['body/respondLink']}"}},"authentication":{"value":"@json(decodeBase64(triggerOutputs().headers['X-MS-APIM-Tokens']))['$ConnectionKey']","type":"Raw"}}}},"runAfter":{},"type":"Foreach"}},"runAfter":{"Wait_for_an_approval":["Succeeded"]},"else":{"actions":{"Apply_to_each_rejected_manager":{"foreach":"@outputs('Wait_for_an_approval')?['body/responses']","actions":{"Manager_Rejected":{"runAfter":{},"type":"OpenApiConnection","inputs":{"host":{"apiId":"/providers/Microsoft.PowerApps/apis/shared_sharepointonline","connectionName":"shared_sharepointonline","operationId":"PatchItem"},"parameters":{"dataset":"@outputs('SiteURL')","table":"Leave Request","id":"@outputs('Get_item')?['body/ID']","item":{"Status":{"Value":"Declined"},"ApprovalComments":"❌ Rejected By Manager ( @{items('Apply_to_each_rejected_manager')?['responder/displayName']} ) : @{items('Apply_to_each_rejected_manager')?['comments']}"}},"authentication":{"value":"@json(decodeBase64(triggerOutputs().headers['X-MS-APIM-Tokens']))['$ConnectionKey']","type":"Raw"}}}},"runAfter":{},"type":"Foreach"}}},"expression":{"equals":["@outputs('Wait_for_an_approval')?['body/outcome']","Approve"]},"type":"If"},"HREmail":{"runAfter":{"SiteURL":["Succeeded"]},"type":"Compose","inputs":"@triggerBody()['HREmail_Inputs']"}}},"connectionReferences":{"shared_sharepointonline":{"connectionName":"a0ed098f502a4ca4bb59859b743dc374","source":"Invoker","id":"/providers/Microsoft.PowerApps/apis/shared_sharepointonline","tier":"NotSpecified"},"shared_office365users":{"connectionName":"19e711f9cb154f4084ccf1f89f6e2c08","source":"Invoker","id":"/providers/Microsoft.PowerApps/apis/shared_office365users","tier":"NotSpecified"},"shared_approvals":{"connectionName":"shared-approvals-54268f99-4a7f-4baa-aebd-c53ce07066de","source":"Invoker","id":"/providers/Microsoft.PowerApps/apis/shared_approvals","tier":"NotSpecified"}},"flowFailureAlertSubscribed":false}}