{"schemaVersion":"1.0","appDefinitionTemplate":{"id":"/providers/Microsoft.PowerApps/apps/","type":"Microsoft.PowerApps/apps","tags":{"primaryDeviceWidth":"1366","primaryDeviceHeight":"768","sienaVersion":"20211130T213304Z-3.21111.36.0","deviceCapabilities":"","supportsPortrait":"true","supportsLandscape":"true","primaryFormFactor":"Tablet","publisherVersion":"3.21111.36","minimumRequiredApiVersion":"2.2.0","hasComponent":"false","hasUnlockedComponent":"false","isUnifiedRootApp":"false"},"properties":{"appVersion":"2021-11-30T21:33:04Z","lifeCycleId":"Published","createdByClientVersion":{"major":3,"minor":21111,"build":36,"revision":0,"majorRevision":0,"minorRevision":0},"minClientVersion":{"major":3,"minor":21111,"build":36,"revision":0,"majorRevision":0,"minorRevision":0},"backgroundColor":"RGBA(0,176,240,1)","backgroundImageUri":"/7044393889391285811/N9f62d4fd-53d0-4a19-b67d-11109132e9ed-logoSmallFile","displayName":"Dynamic Forms","description":"","commitMessage":"","appUris":{"documentUri":{"value":"/7044393889391285811/N314c85a2-b67e-46c2-8bb8-caea6f5412c9-document.msapp"},"imageUris":[]},"createdTime":"0001-01-01T00:00:00Z","lastModifiedTime":"0001-01-01T00:00:00Z","sharedGroupsCount":0,"sharedUsersCount":0,"icons":{"smallIconUri":"/7044393889391285811/N461ff5e7-22d5-4dbe-a63a-264b7bd62724-small.png","mediumIconUri":"/7044393889391285811/Nc1bf4064-eda1-4407-b9f2-9b22e871231d-medium.png","largeIconUri":"/7044393889391285811/Nd548e0fa-e328-49b4-8d0a-1ee8b29a03d3-large.png","wideIconUri":"/7044393889391285811/Nb87c4819-3a59-4045-ac5c-1b1679c0260c-wide.png"},"connectionReferences":{"f5132048-ac51-4b48-a8dc-8c9993e2c2a8":{"id":"445ca4a2-3a87-4370-8163-a2b83108b080","displayName":"SharePoint","iconUri":"https://connectoricons-prod.azureedge.net/releases/v1.0.1533/1.0.1533.2600/sharepointonline/icon.png","dataSources":["Form Template","Form Results"],"dependencies":[],"dependents":[],"parameterHints":{},"parameterHintsV2":{},"isOnPremiseConnection":false,"bypassConsent":false,"dataSets":{"https://thepoweraddicts.sharepoint.com/sites/TechFly":{"dataSources":{"Form Template":{"tableName":"94302553-0f95-4661-b5bc-c8221b764903"},"Form Results":{"tableName":"b080c8da-4c95-42a7-ad75-c4c811fb9da5"}}}},"apiTier":"Standard","isCustomApiConnection":false,"actions":["providers/PowerPlatform.Governance/Operations/Read","providers/PowerPlatform.Governance/Operations/Write"]}},"databaseReferences":{},"almMode":"Environment","performanceOptimizationEnabled":true,"canConsumeAppPass":true,"executionRestrictions":{"isTeamsOnly":false,"dataLossPreventionEvaluationResult":{"status":"Compliant","lastEvaluationDate":"2021-11-27T03:02:09.6268883Z","violations":[],"violationsByPolicy":[],"violationErrorMessage":"The app uses the following connectors: shared_sharepointonline."}}},"appType":"ClassicCanvasApp","appComponents":[]}}