<ImportExportXml version="9.2.21121.125" SolutionPackageVersion="9.2" languagecode="1033" generatedBy="CrmLive" xmlns:xsi="http://www.w3.org/2001/XMLSchema-instance">
  <SolutionManifest>
    <UniqueName>ExportComponents72fef8eb0c3542f390a9e11488ddf6de</UniqueName>
    <LocalizedNames>
      <LocalizedName description="ExportComponents72fef8eb0c3542f390a9e11488ddf6de" languagecode="1033" />
    </LocalizedNames>
    <Descriptions />
    <Version>1.0</Version>
    <Managed>0</Managed>
    <Publisher>
      <UniqueName>Cr90d99</UniqueName>
      <LocalizedNames>
        <LocalizedName description="CDS Default Publisher" languagecode="1033" />
      </LocalizedNames>
      <Descriptions />
      <EMailAddress xsi:nil="true"></EMailAddress>
      <SupportingWebsiteUrl xsi:nil="true"></SupportingWebsiteUrl>
      <CustomizationPrefix>cre34</CustomizationPrefix>
      <CustomizationOptionValuePrefix>64372</CustomizationOptionValuePrefix>
    </Publisher>
    <RootComponents>
      <RootComponent type="1" schemaName="appusersetting" behavior="2" />
      <RootComponent type="1" schemaName="bot" behavior="2" />
      <RootComponent type="1" schemaName="cre34_expense" behavior="0" />
      <RootComponent type="1" schemaName="cre34_lineitem" behavior="0" />
      <RootComponent type="1" schemaName="systemuser" behavior="0" />
      <RootComponent type="1" schemaName="transactioncurrency" behavior="0" />
      <RootComponent type="300" schemaName="cre34_expensereports_adffb" behavior="0" />
    </RootComponents>
    <MissingDependencies>
      <MissingDependency>
        <Required type="1" schemaName="appusersetting" displayName="Model-Driven App User Setting" solution="AppModule (9.1.21115.211130002)" />
        <Dependent type="1" schemaName="appusersetting" displayName="Model-Driven App User Setting" />
      </MissingDependency>
      <MissingDependency>
        <Required type="1" schemaName="appusersetting" displayName="Model-Driven App User Setting" solution="AppModule (9.1.21115.211130002)" />
        <Dependent type="10" schemaName="systemuser_appusersetting_userId" displayName="systemuser_appusersetting_userId" parentSchemaName="appusersetting" parentDisplayName="Model-Driven App User Setting" />
      </MissingDependency>
      <MissingDependency>
        <Required type="1" schemaName="appusersetting" displayName="Model-Driven App User Setting" solution="AppModule (9.1.21115.211130002)" />
        <Dependent type="2" schemaName="useridname" parentSchemaName="appusersetting" parentDisplayName="Model-Driven App User Setting" />
      </MissingDependency>
      <MissingDependency>
        <Required type="1" schemaName="appusersetting" displayName="Model-Driven App User Setting" solution="AppModule (9.1.21115.211130002)" />
        <Dependent type="2" schemaName="useridyominame" parentSchemaName="appusersetting" parentDisplayName="Model-Driven App User Setting" />
      </MissingDependency>
      <MissingDependency>
        <Required type="1" schemaName="bot" displayName="Chatbot" solution="PowerVirtualAgents (2.0.0.87)">
          <package>msdynce_CustomerCareIntelligenceBots_Anchor (2.0.0.87)</package>
        </Required>
        <Dependent type="1" schemaName="bot" displayName="Chatbot" />
      </MissingDependency>
      <MissingDependency>
        <Required type="1" schemaName="bot" displayName="Chatbot" solution="PowerVirtualAgents (2.0.0.87)">
          <package>msdynce_CustomerCareIntelligenceBots_Anchor (2.0.0.87)</package>
        </Required>
        <Dependent type="10" schemaName="systemuser_bot_publishedby" displayName="systemuser_bot_publishedby" parentSchemaName="systemuser" parentDisplayName="User" />
      </MissingDependency>
      <MissingDependency>
        <Required type="1" schemaName="bot" displayName="Chatbot" solution="PowerVirtualAgents (2.0.0.87)">
          <package>msdynce_CustomerCareIntelligenceBots_Anchor (2.0.0.87)</package>
        </Required>
        <Dependent type="2" schemaName="publishedbyname" parentSchemaName="bot" parentDisplayName="Chatbot" />
      </MissingDependency>
      <MissingDependency>
        <Required type="1" schemaName="bot" displayName="Chatbot" solution="PowerVirtualAgents (2.0.0.87)">
          <package>msdynce_CustomerCareIntelligenceBots_Anchor (2.0.0.87)</package>
        </Required>
        <Dependent type="2" schemaName="publishedbyyominame" parentSchemaName="bot" parentDisplayName="Chatbot" />
      </MissingDependency>
      <MissingDependency>
        <Required type="10" schemaName="systemuser_appusersetting_userId" displayName="systemuser_appusersetting_userId" parentSchemaName="appusersetting" parentDisplayName="Model-Driven App User Setting" solution="AppModule (9.1.21115.211130002)" />
        <Dependent type="10" schemaName="systemuser_appusersetting_userId" displayName="systemuser_appusersetting_userId" parentSchemaName="appusersetting" parentDisplayName="Model-Driven App User Setting" />
      </MissingDependency>
      <MissingDependency>
        <Required type="10" schemaName="systemuser_appusersetting_userId" displayName="systemuser_appusersetting_userId" parentSchemaName="appusersetting" parentDisplayName="Model-Driven App User Setting" solution="AppModule (9.1.21115.211130002)" />
        <Dependent type="2" schemaName="useridname" parentSchemaName="appusersetting" parentDisplayName="Model-Driven App User Setting" />
      </MissingDependency>
      <MissingDependency>
        <Required type="10" schemaName="systemuser_appusersetting_userId" displayName="systemuser_appusersetting_userId" parentSchemaName="appusersetting" parentDisplayName="Model-Driven App User Setting" solution="AppModule (9.1.21115.211130002)" />
        <Dependent type="2" schemaName="useridyominame" parentSchemaName="appusersetting" parentDisplayName="Model-Driven App User Setting" />
      </MissingDependency>
      <MissingDependency>
        <Required type="10" schemaName="systemuser_bot_publishedby" displayName="systemuser_bot_publishedby" parentSchemaName="systemuser" parentDisplayName="User" solution="PowerVirtualAgents (2.0.0.87)">
          <package>msdynce_CustomerCareIntelligenceBots_Anchor (2.0.0.87)</package>
        </Required>
        <Dependent type="10" schemaName="systemuser_bot_publishedby" displayName="systemuser_bot_publishedby" parentSchemaName="systemuser" parentDisplayName="User" />
      </MissingDependency>
      <MissingDependency>
        <Required type="10" schemaName="systemuser_bot_publishedby" displayName="systemuser_bot_publishedby" parentSchemaName="systemuser" parentDisplayName="User" solution="PowerVirtualAgents (2.0.0.87)">
          <package>msdynce_CustomerCareIntelligenceBots_Anchor (2.0.0.87)</package>
        </Required>
        <Dependent type="2" schemaName="publishedbyname" parentSchemaName="bot" parentDisplayName="Chatbot" />
      </MissingDependency>
      <MissingDependency>
        <Required type="10" schemaName="systemuser_bot_publishedby" displayName="systemuser_bot_publishedby" parentSchemaName="systemuser" parentDisplayName="User" solution="PowerVirtualAgents (2.0.0.87)">
          <package>msdynce_CustomerCareIntelligenceBots_Anchor (2.0.0.87)</package>
        </Required>
        <Dependent type="2" schemaName="publishedbyyominame" parentSchemaName="bot" parentDisplayName="Chatbot" />
      </MissingDependency>
      <MissingDependency>
        <Required type="2" schemaName="userid" displayName="User" parentSchemaName="appusersetting" parentDisplayName="Model-Driven App User Setting" solution="AppModule (9.1.21115.211130002)" />
        <Dependent type="10" schemaName="systemuser_appusersetting_userId" displayName="systemuser_appusersetting_userId" parentSchemaName="appusersetting" parentDisplayName="Model-Driven App User Setting" />
      </MissingDependency>
      <MissingDependency>
        <Required type="2" schemaName="userid" displayName="User" parentSchemaName="appusersetting" parentDisplayName="Model-Driven App User Setting" solution="AppModule (9.1.21115.211130002)" />
        <Dependent type="2" schemaName="userid" displayName="User" parentSchemaName="appusersetting" parentDisplayName="Model-Driven App User Setting" />
      </MissingDependency>
      <MissingDependency>
        <Required type="2" schemaName="publishedby" displayName="Published By" parentSchemaName="bot" parentDisplayName="Chatbot" solution="PowerVirtualAgents (2.0.0.87)">
          <package>msdynce_CustomerCareIntelligenceBots_Anchor (2.0.0.87)</package>
        </Required>
        <Dependent type="10" schemaName="systemuser_bot_publishedby" displayName="systemuser_bot_publishedby" parentSchemaName="systemuser" parentDisplayName="User" />
      </MissingDependency>
      <MissingDependency>
        <Required type="2" schemaName="publishedby" displayName="Published By" parentSchemaName="bot" parentDisplayName="Chatbot" solution="PowerVirtualAgents (2.0.0.87)">
          <package>msdynce_CustomerCareIntelligenceBots_Anchor (2.0.0.87)</package>
        </Required>
        <Dependent type="2" schemaName="publishedby" displayName="Published By" parentSchemaName="bot" parentDisplayName="Chatbot" />
      </MissingDependency>
    </MissingDependencies>
  </SolutionManifest>
</ImportExportXml>