{"schemaVersion":"1.0","appDefinitionTemplate":{"id":"/providers/Microsoft.PowerApps/apps/","type":"Microsoft.PowerApps/apps","tags":{"primaryDeviceWidth":"1024","primaryDeviceHeight":"768","sienaVersion":"20220213T163938Z-3.22014.14.0","deviceCapabilities":"webcam","supportsPortrait":"true","supportsLandscape":"true","primaryFormFactor":"Tablet","publisherVersion":"3.22014.14","minimumRequiredApiVersion":"2.2.0","hasComponent":"false","hasUnlockedComponent":"false","isUnifiedRootApp":"false"},"properties":{"appVersion":"2022-02-13T16:39:38Z","lifeCycleId":"Published","createdByClientVersion":{"major":3,"minor":22014,"build":14,"revision":0,"majorRevision":0,"minorRevision":0},"minClientVersion":{"major":3,"minor":22014,"build":14,"revision":0,"majorRevision":0,"minorRevision":0},"backgroundColor":"rgba(0, 176, 240, 1)","backgroundImageUri":"/16675627897112399498/N38713a3d-7fb9-4aa5-bafe-171a39fd849c-logoSmallFile","displayName":"Responsive Budget Tracker App","description":"","commitMessage":"","appUris":{"documentUri":{"value":"/16675627897112399498/Na5824d0f-1835-4bce-bb6d-6e9debabacd6-document.msapp"},"imageUris":[]},"createdTime":"0001-01-01T00:00:00Z","lastModifiedTime":"0001-01-01T00:00:00Z","sharedGroupsCount":0,"sharedUsersCount":0,"icons":{"smallIconUri":"/16675627897112399498/N4f6f997b-cebc-4723-86db-4b5db613dffd-small.png","mediumIconUri":"/16675627897112399498/N937b0ac4-2cbe-495a-941a-c4102ce26ce6-medium.png","largeIconUri":"/16675627897112399498/N10995bbc-a379-4a2d-899f-072257069c7d-large.png","wideIconUri":"/16675627897112399498/Nd4f1b323-dd5e-41cd-93a2-3838155d7a95-wide.png"},"connectionReferences":{"0d5bfd62-74d5-4af6-b25d-dca180a1efc0":{"id":"be7e8706-1433-4619-a07a-a630a9b83949","displayName":"Excel","iconUri":"https://connectoricons-prod.azureedge.net/releases/v1.0.1542/1.0.1542.2635/excel/icon.png","dataSources":["Budgets","Expenses","Categories","Receipts","ExpenseByCategory"],"dependencies":["12c05a94-7e78-42d6-8c07-52922c128ecf"],"dependents":[],"parameterHints":{"12c05a94-7e78-42d6-8c07-52922c128ecf":{"value":"fileSource"}},"parameterHintsV2":{"fileSource":{"value":"12c05a94-7e78-42d6-8c07-52922c128ecf"}},"isOnPremiseConnection":false,"bypassConsent":false,"dataSets":{"b!ZS6YmLIUL0GC8T8GTmwWBE4x_AdJW4NAtaBFBbtuyJuJJUwnqjhnQ79cYw-XH5zk.01O4KDJOW7KVEVP72QXNAZV4INPKYLPGV5":{"dataSources":{"Budgets":{"tableName":"Budgets"},"Expenses":{"tableName":"Expenses"},"Categories":{"tableName":"Categories"},"Receipts":{"tableName":"Receipts"},"ExpenseByCategory":{"tableName":"ExpenseByCategory"}}}},"apiTier":"Standard","isCustomApiConnection":false,"actions":["providers/PowerPlatform.Governance/Operations/Read","providers/PowerPlatform.Governance/Operations/Write","providers/PowerPlatform.Governance/Operations/Delete"]},"12c05a94-7e78-42d6-8c07-52922c128ecf":{"id":"90c99fec-9f41-4aa9-8cb3-796d521c4dae","displayName":"OneDrive for Business","iconUri":"https://connectoricons-prod.azureedge.net/releases/v1.0.1546/1.0.1546.2665/onedriveforbusiness/icon.png","dataSources":[],"dependencies":[],"dependents":["0d5bfd62-74d5-4af6-b25d-dca180a1efc0"],"parameterHints":{},"parameterHintsV2":{},"isOnPremiseConnection":false,"bypassConsent":false,"dataSets":{},"apiTier":"Standard","isCustomApiConnection":false}},"databaseReferences":{},"almMode":"Environment","performanceOptimizationEnabled":true,"canConsumeAppPass":true,"executionRestrictions":{"isTeamsOnly":false,"dataLossPreventionEvaluationResult":{"status":"Compliant","lastEvaluationDate":"2022-02-11T20:05:10.4137464Z","violations":[],"violationsByPolicy":[],"violationErrorMessage":"The app uses the following connectors: shared_excel, shared_onedriveforbusiness."}}},"appType":"ClassicCanvasApp","appComponents":[]}}