{"schemaVersion":"1.0","appDefinitionTemplate":{"id":"/providers/Microsoft.PowerApps/apps/","type":"Microsoft.PowerApps/apps","tags":{"primaryDeviceWidth":"1366","primaryDeviceHeight":"768","sienaVersion":"20210226T210302Z-3.21022.27.0","deviceCapabilities":"","supportsPortrait":"false","supportsLandscape":"true","primaryFormFactor":"Tablet","publisherVersion":"3.21022.27","minimumRequiredApiVersion":"2.2.0","hasComponent":"true","hasUnlockedComponent":"false","isUnifiedRootApp":"false"},"properties":{"appVersion":"2021-02-26T21:03:02Z","lifeCycleId":"Published","createdByClientVersion":{"major":3,"minor":21022,"build":27,"revision":0,"majorRevision":0,"minorRevision":0},"minClientVersion":{"major":3,"minor":21022,"build":27,"revision":0,"majorRevision":0,"minorRevision":0},"backgroundColor":"rgba(165, 34, 55, 1)","backgroundImageUri":"/13671929189153097360/N0d8d1122-f139-4e49-98f6-02153d4c148e-logoSmallFile","displayName":"Form Control","description":"","commitMessage":"","appUris":{"documentUri":{"value":"/13671929189153097360/N2e77a588-9be6-4c84-a0dd-7915a02ca153-document.msapp"},"imageUris":[]},"createdTime":"0001-01-01T00:00:00Z","lastModifiedTime":"0001-01-01T00:00:00Z","sharedGroupsCount":0,"sharedUsersCount":0,"icons":{"smallIconUri":"/13671929189153097360/N6541ddbd-8d52-49d7-98e4-c6ac970c1d28-small.png","mediumIconUri":"/13671929189153097360/N0c979ae2-a46d-4cd6-b831-f19fb1c9c190-medium.png","largeIconUri":"/13671929189153097360/N41ca411a-2bbb-4213-b542-78f4b65efa7d-large.png","wideIconUri":"/13671929189153097360/N79fa890f-d1b7-4d04-b65c-326400b878b2-wide.png"},"connectionReferences":{"96972259-b691-4e32-b441-db9c3c7a281b":{"id":"445ca4a2-3a87-4370-8163-a2b83108b080","displayName":"SharePoint","iconUri":"https://connectoricons-prod.azureedge.net/releases/v1.0.1441/1.0.1441.2334/sharepointonline/icon.png","dataSources":["Issue Tracking","Issue Priority"],"dependencies":[],"dependents":[],"parameterHints":{},"isOnPremiseConnection":false,"bypassConsent":false,"dataSets":{"https://thepoweraddicts.sharepoint.com/sites/RDTech":{"dataSources":{"Issue Tracking":{"tableName":"050e26f4-6e08-4185-b4ca-a12b002770a8"},"Issue Priority":{"tableName":"291a320d-364b-4477-b59c-f4fdee812fdb"}}}},"apiTier":"Standard","isCustomApiConnection":false},"9b60d9d5-03bf-49cb-aaf4-3f85e864f558":{"id":"18b5f8af-406f-4e64-9714-fd90d428615a","displayName":"Office 365 Outlook","iconUri":"https://connectoricons-prod.azureedge.net/office365_token_exchange_401_fix/1.0.1442.2334/office365/icon.png","dataSources":["Office365Outlook"],"dependencies":[],"dependents":[],"parameterHints":{},"isOnPremiseConnection":false,"bypassConsent":false,"dataSets":{},"apiTier":"Standard","isCustomApiConnection":false},"fba30345-4580-4e98-8a24-66cc121933f8":{"id":"d1ce3044-9a1f-4bf8-9113-c5eddafe6185","displayName":"Office 365 Users","iconUri":"https://connectoricons-prod.azureedge.net/releases/v1.0.1430/1.0.1430.2296/office365users/icon.png","dataSources":["Office365Users"],"dependencies":[],"dependents":[],"parameterHints":{},"isOnPremiseConnection":false,"bypassConsent":false,"dataSets":{},"apiTier":"Standard","isCustomApiConnection":false}},"databaseReferences":{},"almMode":"Environment","performanceOptimizationEnabled":true,"executionRestrictions":{"isTeamsOnly":false,"dataLossPreventionEvaluationResult":{"status":"Compliant","lastEvaluationDate":"2020-12-13T23:04:42.128329Z","violationDetails":[]}}},"isAppComponentLibrary":false,"appType":"ClassicCanvasApp","appComponents":[]}}