{"schemaVersion":"1.0","appDefinitionTemplate":{"id":"/providers/Microsoft.PowerApps/apps/","type":"Microsoft.PowerApps/apps","tags":{"primaryDeviceWidth":"1366","primaryDeviceHeight":"768","sienaVersion":"20211209T060213Z-3.21112.22.0","deviceCapabilities":"","supportsPortrait":"true","supportsLandscape":"true","primaryFormFactor":"Tablet","publisherVersion":"3.21112.22","minimumRequiredApiVersion":"2.2.0","hasComponent":"false","hasUnlockedComponent":"false","isUnifiedRootApp":"false"},"properties":{"appVersion":"2021-12-09T06:02:13Z","lifeCycleId":"Published","createdByClientVersion":{"major":3,"minor":21112,"build":22,"revision":0,"majorRevision":0,"minorRevision":0},"minClientVersion":{"major":3,"minor":21112,"build":22,"revision":0,"majorRevision":0,"minorRevision":0},"backgroundColor":"RGBA(0,176,240,1)","backgroundImageUri":"/5195259153922426384/N669c53f4-5d2d-4102-8531-6c55f7350c94-logoSmallFile","displayName":"Dynamic Quiz App","description":"","commitMessage":"","appUris":{"documentUri":{"value":"/5195259153922426384/N18b766d4-2d30-4f54-8cca-28618f4e27c9-document.msapp"},"imageUris":[]},"createdTime":"0001-01-01T00:00:00Z","lastModifiedTime":"0001-01-01T00:00:00Z","sharedGroupsCount":0,"sharedUsersCount":0,"icons":{"smallIconUri":"/5195259153922426384/N1a5e51ab-e8be-4cc0-b287-a6ab0aadbf12-small.png","mediumIconUri":"/5195259153922426384/Nb797beda-e46e-4897-939a-975e992b123e-medium.png","largeIconUri":"/5195259153922426384/Nbb03db16-6781-4a49-9773-c3b5c465ff7d-large.png","wideIconUri":"/5195259153922426384/Nd7a36fae-2bc4-4293-9f95-98a2fbb51ffb-wide.png"},"connectionReferences":{"b8d6c38b-4f92-4e72-b9c3-7c61710619b6":{"id":"445ca4a2-3a87-4370-8163-a2b83108b080","displayName":"SharePoint","iconUri":"https://connectoricons-prod.azureedge.net/releases/v1.0.1533/1.0.1533.2600/sharepointonline/icon.png","dataSources":["Results"],"dependencies":[],"dependents":[],"parameterHints":{},"parameterHintsV2":{},"isOnPremiseConnection":false,"bypassConsent":false,"dataSets":{"https://thepoweraddicts.sharepoint.com/sites/TechFly":{"dataSources":{"Results":{"tableName":"056439c7-a361-4a37-b8ad-732d5dcafc47"}}}},"apiTier":"Standard","isCustomApiConnection":false,"actions":["providers/PowerPlatform.Governance/Operations/Read","providers/PowerPlatform.Governance/Operations/Write"]},"a5ce0b2f-c2ae-4867-9528-de3a07800844":{"id":"e0a6d834-8809-41cd-a6fa-86032e186b96","displayName":"Excel Online (Business)","iconUri":"https://connectoricons-prod.azureedge.net/releases/v1.0.1535/1.0.1535.2607/excelonlinebusiness/icon.png","dataSources":["Quiz"],"dependencies":[],"dependents":[],"parameterHints":{},"parameterHintsV2":{},"isOnPremiseConnection":false,"bypassConsent":false,"dataSets":{"me,b%2521ZS6YmLIUL0GC8T8GTmwWBE4x_AdJW4NAtaBFBbtuyJuJJUwnqjhnQ79cYw-XH5zk,01O4KDJOW546ULZODTM5GIA2TFKHUS4TNY":{"dataSources":{"Quiz":{"tableName":"{6DE64662-9CDB-490D-ADB4-2CF792ECE0AC}"}}}},"apiTier":"Standard","isCustomApiConnection":false,"actions":["providers/PowerPlatform.Governance/Operations/Read"]}},"databaseReferences":{},"almMode":"Environment","performanceOptimizationEnabled":true,"canConsumeAppPass":true,"executionRestrictions":{"isTeamsOnly":false,"dataLossPreventionEvaluationResult":{"status":"Compliant","lastEvaluationDate":"2021-11-27T03:02:09.6268883Z","violations":[],"violationsByPolicy":[],"violationErrorMessage":"The app uses the following connectors: shared_sharepointonline."}}},"appType":"ClassicCanvasApp","appComponents":[]}}