{"schemaVersion":"1.0","appDefinitionTemplate":{"id":"/providers/Microsoft.PowerApps/apps/","type":"Microsoft.PowerApps/apps","tags":{"primaryDeviceWidth":"1919","primaryDeviceHeight":"866","sienaVersion":"20210721T191156Z-3.21064.25.0","deviceCapabilities":"","supportsPortrait":"true","supportsLandscape":"true","primaryFormFactor":"Tablet","publisherVersion":"3.21064.25","minimumRequiredApiVersion":"2.2.0","hasComponent":"false","hasUnlockedComponent":"false","isUnifiedRootApp":"false"},"properties":{"appVersion":"2021-07-21T19:11:56Z","lifeCycleId":"Published","createdByClientVersion":{"major":3,"minor":21064,"build":25,"revision":0,"majorRevision":0,"minorRevision":0},"minClientVersion":{"major":3,"minor":21064,"build":25,"revision":0,"majorRevision":0,"minorRevision":0},"backgroundColor":"rgba(0, 176, 240, 1)","backgroundImageUri":"/4499791910015960524/Nfda1cc43-58b2-466a-b23b-a56850efaf54-logoSmallFile","displayName":"Responsive Apps","description":"","commitMessage":"","appUris":{"documentUri":{"value":"/4499791910015960524/Nd3b878f4-3e48-4c5f-aa58-c15e4a938832-document.msapp"},"imageUris":[]},"createdTime":"0001-01-01T00:00:00Z","lastModifiedTime":"0001-01-01T00:00:00Z","sharedGroupsCount":0,"sharedUsersCount":0,"icons":{"smallIconUri":"/4499791910015960524/N1e2c9ee3-3a90-4e8d-b1ec-f944c5e2008f-small.png","mediumIconUri":"/4499791910015960524/Na110cb45-47bd-4779-a37b-6c999bf917f1-medium.png","largeIconUri":"/4499791910015960524/Nbf7db922-6bdf-4681-b541-f25cad783264-large.png","wideIconUri":"/4499791910015960524/Na7b8395d-7349-4bdf-95b9-b67c9c88937b-wide.png"},"connectionReferences":{"7fb9f018-1824-461b-bb96-a3b10d3eb128":{"id":"445ca4a2-3a87-4370-8163-a2b83108b080","displayName":"SharePoint","iconUri":"https://connectoricons-prod.azureedge.net/releases/v1.0.1487/1.0.1487.2472/sharepointonline/icon.png","dataSources":["Service Desk"],"dependencies":[],"dependents":[],"parameterHints":{},"isOnPremiseConnection":false,"bypassConsent":false,"dataSets":{"https://thepoweraddicts.sharepoint.com/sites/RDTech":{"dataSources":{"Service Desk":{"tableName":"e8f9a7f9-6102-4007-93df-dc743ee003d5"}}}},"apiTier":"Standard","isCustomApiConnection":false}},"databaseReferences":{},"almMode":"Environment","performanceOptimizationEnabled":true,"canConsumeAppPass":true,"executionRestrictions":{"isTeamsOnly":false,"dataLossPreventionEvaluationResult":{"status":"Compliant","lastEvaluationDate":"2021-07-08T18:25:18.4921621Z","violations":[],"violationsByPolicy":[],"violationErrorMessage":"The app uses the following connectors: shared_sharepointonline."}}},"appType":"ClassicCanvasApp","appComponents":[]}}