{"schemaVersion":"1.0","appDefinitionTemplate":{"id":"/providers/Microsoft.PowerApps/apps/","type":"Microsoft.PowerApps/apps","tags":{"primaryDeviceWidth":"1366","primaryDeviceHeight":"768","sienaVersion":"20220225T173550Z-3.22015.31.0","deviceCapabilities":"","supportsPortrait":"true","supportsLandscape":"true","primaryFormFactor":"Tablet","publisherVersion":"3.22015.31","minimumRequiredApiVersion":"2.2.0","hasComponent":"false","hasUnlockedComponent":"false","isUnifiedRootApp":"false"},"properties":{"appVersion":"2022-02-25T17:35:50Z","lifeCycleId":"Published","createdByClientVersion":{"major":3,"minor":22015,"build":31,"revision":0,"majorRevision":0,"minorRevision":0},"minClientVersion":{"major":3,"minor":22015,"build":31,"revision":0,"majorRevision":0,"minorRevision":0},"backgroundColor":"RGBA(0,176,240,1)","backgroundImageUri":"/5118012693405235295/N2b54237d-df99-47bd-8d97-4cf44f855b2d-logoSmallFile","displayName":"Kanban ⭐","description":"","commitMessage":"","appUris":{"documentUri":{"value":"/5118012693405235295/N33766d55-f1e5-43a7-81ef-049cc1049d8d-document.msapp"},"imageUris":[]},"createdTime":"0001-01-01T00:00:00Z","lastModifiedTime":"0001-01-01T00:00:00Z","sharedGroupsCount":0,"sharedUsersCount":0,"icons":{"smallIconUri":"/5118012693405235295/N3b577f29-cf8f-46d5-afa1-2ad5f8982f8e-small.png","mediumIconUri":"/5118012693405235295/N80a5bb17-6f45-412d-9c2b-f9bfd8d0bd76-medium.png","largeIconUri":"/5118012693405235295/N9aff802e-68e1-4960-8b47-6123b8bcaa7f-large.png","wideIconUri":"/5118012693405235295/N949cc0a9-58b9-4085-a64f-971cea60d0c9-wide.png"},"connectionReferences":{"f47cfc3b-32d4-4967-bdc1-bb87b513a4f5":{"id":"445ca4a2-3a87-4370-8163-a2b83108b080","displayName":"SharePoint","iconUri":"https://connectoricons-prod.azureedge.net/releases/v1.0.1550/1.0.1550.2686/sharepointonline/icon.png","dataSources":["Work progress tracker"],"dependencies":[],"dependents":[],"parameterHints":{},"parameterHintsV2":{},"isOnPremiseConnection":false,"bypassConsent":false,"dataSets":{"https://thepoweraddicts.sharepoint.com/sites/Tecfluence":{"dataSources":{"Work progress tracker":{"tableName":"68d140f7-2dae-45c0-b01b-8eefa8423f7a"}}}},"apiTier":"Standard","isCustomApiConnection":false,"actions":["providers/PowerPlatform.Governance/Operations/Read","providers/PowerPlatform.Governance/Operations/Write","providers/PowerPlatform.Governance/Operations/Delete"]}},"databaseReferences":{},"almMode":"Environment","performanceOptimizationEnabled":true,"canConsumeAppPass":true,"executionRestrictions":{"isTeamsOnly":false,"dataLossPreventionEvaluationResult":{"status":"Compliant","lastEvaluationDate":"2022-02-22T16:59:18.9502479Z","violations":[],"violationsByPolicy":[],"violationErrorMessage":"The app uses the following connectors: shared_sharepointonline."}}},"appType":"ClassicCanvasApp","appComponents":[]}}