{"schemaVersion":"1.0","appDefinitionTemplate":{"id":"/providers/Microsoft.PowerApps/apps/","type":"Microsoft.PowerApps/apps","tags":{"primaryDeviceWidth":"640","primaryDeviceHeight":"1136","sienaVersion":"20210822T173435Z-3.21081.49.0","deviceCapabilities":"webcam","supportsPortrait":"true","supportsLandscape":"false","primaryFormFactor":"Phone","publisherVersion":"3.21081.49","minimumRequiredApiVersion":"2.2.0","hasComponent":"false","hasUnlockedComponent":"false","isUnifiedRootApp":"false"},"properties":{"appVersion":"2021-08-22T17:34:35Z","lifeCycleId":"Published","createdByClientVersion":{"major":3,"minor":21081,"build":49,"revision":0,"majorRevision":0,"minorRevision":0},"minClientVersion":{"major":3,"minor":21081,"build":49,"revision":0,"majorRevision":0,"minorRevision":0},"backgroundColor":"rgba(0, 176, 240, 1)","backgroundImageUri":"/3798476311265003851/Nebd8ed4d-a498-4502-8e86-4e5c7d0afd4c-logoSmallFile","displayName":"Inspection App Updated","description":"","commitMessage":"","appUris":{"documentUri":{"value":"/3798476311265003851/N84b7695e-dd0e-4c28-9dc0-93d297d61dc4-document.msapp"},"imageUris":[]},"createdTime":"0001-01-01T00:00:00Z","lastModifiedTime":"0001-01-01T00:00:00Z","sharedGroupsCount":0,"sharedUsersCount":0,"icons":{"smallIconUri":"/3798476311265003851/N5ed15298-03fb-466a-9bca-67439ad9faed-small.png","mediumIconUri":"/3798476311265003851/N0b15ad26-65c0-4227-a122-db1072e4b8ee-medium.png","largeIconUri":"/3798476311265003851/N5fe2eb79-2de9-4c42-9556-5f775c7baeb5-large.png","wideIconUri":"/3798476311265003851/N0c0e655d-13dc-4a61-a7c2-38860a3335fe-wide.png"},"connectionReferences":{"1764be8a-829a-4999-ae93-ca689ada5979":{"id":"445ca4a2-3a87-4370-8163-a2b83108b080","displayName":"SharePoint","iconUri":"https://connectoricons-prod.azureedge.net/releases/v1.0.1505/1.0.1505.2520/sharepointonline/icon.png","dataSources":["Inspection","Service Desk","Locations","Info"],"dependencies":[],"dependents":["8971e815-f923-42a0-90fe-6642a5afdf46"],"parameterHints":{},"parameterHintsV2":{},"isOnPremiseConnection":false,"bypassConsent":false,"dataSets":{"https://thepoweraddicts.sharepoint.com/sites/RDTech":{"dataSources":{"Inspection":{"tableName":"f8a56f88-3a3a-49a0-8d54-3249bfdb364b"},"Service Desk":{"tableName":"e8f9a7f9-6102-4007-93df-dc743ee003d5"},"Info":{"tableName":"cdb17197-120b-4d11-a273-a6ba4852603a"}}},"https://thepoweraddicts.sharepoint.com/":{"dataSources":{"Locations":{"tableName":"88a7bd98-0c0c-4b31-8de0-086e8656c500"}}}},"apiTier":"Standard","isCustomApiConnection":false,"actions":["providers/PowerPlatform.Governance/Operations/Read","providers/PowerPlatform.Governance/Operations/Write"]},"697e4fe8-18f3-440a-848d-6344ac7cac00":{"id":"8b9ca230-3e6e-434b-bf6e-4fcb640517ad","displayName":"Spatial Services","iconUri":"https://connectoricons-prod.azureedge.net/releases/v1.0.1481/1.0.1481.2460/microsoftspatialservices/icon.png","dataSources":["SpatialServices"],"dependencies":[],"dependents":[],"parameterHints":{},"parameterHintsV2":{},"isOnPremiseConnection":false,"bypassConsent":false,"dataSets":{},"apiTier":"Premium","isCustomApiConnection":false},"f0454dc3-83d7-428f-8028-4b42e55fc568":{"id":"90c99fec-9f41-4aa9-8cb3-796d521c4dae","displayName":"OneDrive for Business","iconUri":"https://connectoricons-prod.azureedge.net/depfeife/special-train/1.0.1489.2478/onedriveforbusiness/icon.png","dataSources":[],"dependencies":[],"dependents":["8971e815-f923-42a0-90fe-6642a5afdf46"],"parameterHints":{},"parameterHintsV2":{},"isOnPremiseConnection":false,"bypassConsent":false,"dataSets":{},"apiTier":"Standard","isCustomApiConnection":false},"666ba031-ed02-4bf2-8259-6431b1d6259d":{"id":"18b5f8af-406f-4e64-9714-fd90d428615a","displayName":"Office 365 Outlook","iconUri":"https://connectoricons-prod.azureedge.net/office365_trigger_qfe/1.0.1507.2524/office365/icon.png","dataSources":[],"dependencies":[],"dependents":["8971e815-f923-42a0-90fe-6642a5afdf46"],"parameterHints":{},"parameterHintsV2":{},"isOnPremiseConnection":false,"bypassConsent":false,"dataSets":{},"apiTier":"Standard","isCustomApiConnection":false},"8971e815-f923-42a0-90fe-6642a5afdf46":{"id":"9024f1af-0b3d-4f67-b996-881a5468267e","displayName":"Logic flows","iconUri":"https://connectoricons-prod.azureedge.net/releases/v1.0.1438/1.0.1438.2324/logicflows/icon.png","dataSources":["ExportPDFPowerAppsData"],"dependencies":["f0454dc3-83d7-428f-8028-4b42e55fc568","666ba031-ed02-4bf2-8259-6431b1d6259d","1764be8a-829a-4999-ae93-ca689ada5979"],"dependents":[],"parameterHints":{"workflowName":{"value":"d1309160-2707-4e49-8ad2-38791c03cd49"},"workflowEntityId":{},"f0454dc3-83d7-428f-8028-4b42e55fc568":{"value":"shared_onedriveforbusiness"},"666ba031-ed02-4bf2-8259-6431b1d6259d":{"value":"shared_office365"},"1764be8a-829a-4999-ae93-ca689ada5979":{"value":"shared_sharepointonline"}},"parameterHintsV2":{"shared_onedriveforbusiness":{"value":"f0454dc3-83d7-428f-8028-4b42e55fc568"},"shared_office365":{"value":"666ba031-ed02-4bf2-8259-6431b1d6259d"},"shared_sharepointonline":{"value":"1764be8a-829a-4999-ae93-ca689ada5979"}},"isOnPremiseConnection":false,"bypassConsent":false,"dataSets":{},"apiTier":"Standard","isCustomApiConnection":false,"actions":["Run"]}},"databaseReferences":{"default.cds":{"databaseDetails":{"referenceType":"Environmental","environmentName":"default.cds","overrideValues":{"status":"NotSpecified"}},"dataSources":{"Organizations":{"entitySetName":"organizations","logicalName":"organization"}}}},"almMode":"Environment","performanceOptimizationEnabled":true,"canConsumeAppPass":true,"executionRestrictions":{"isTeamsOnly":false,"dataLossPreventionEvaluationResult":{"status":"Compliant","lastEvaluationDate":"2021-04-08T02:00:02.8689297Z","violationDetails":[]}}},"appType":"ClassicCanvasApp","appComponents":[]}}