{"schemaVersion":"1.0","appDefinitionTemplate":{"id":"/providers/Microsoft.PowerApps/apps/","type":"Microsoft.PowerApps/apps","tags":{"minimumRequiredApiVersion":"2.2.0"},"properties":{"appVersion":"2019-10-18T18:18:08Z","lifeCycleId":"Published","createdByClientVersion":{"major":3,"minor":19101,"build":25,"revision":0,"majorRevision":0,"minorRevision":0},"minClientVersion":{"major":3,"minor":19101,"build":25,"revision":0,"majorRevision":0,"minorRevision":0},"backgroundColor":"rgba(165, 34, 55, 1)","backgroundImageUri":"/4846832716804867078/N1954825f-237f-4b0b-aced-4bfb59ff0fc6-logoSmallFile","displayName":"Meeting Notes V2","description":"An all-in-one meeting notes tool. \nView meeting details, capture notes and pictures of whiteboards, upload files and pictures, record audio, assign Planner tasks and send to all meeting attendees in one click.","commitMessage":"","appUris":{"documentUri":{"value":"/4846832716804867078/Ned37123d-b7a5-4260-b8f3-c59871b973b1-document.msapp","readonlyValue":"/4846832716804867078/Ned37123d-b7a5-4260-b8f3-c59871b973b1-document.msapp"},"imageUris":[]},"createdTime":"0001-01-01T00:00:00Z","lastModifiedTime":"0001-01-01T00:00:00Z","sharedGroupsCount":0,"sharedUsersCount":0,"icons":{"smallIconUri":"/4846832716804867078/N46edb062-2b19-4920-a82f-f60b8850e516-small.png","mediumIconUri":"/4846832716804867078/N7e19751a-c8c5-4249-a908-1e544734232c-medium.png","largeIconUri":"/4846832716804867078/Nf0c001f8-d63d-4a4c-9452-8f7a63515cc0-large.png","wideIconUri":"/4846832716804867078/N3453e56e-dada-48ff-9820-720b6ac08c46-wide.png"},"connectionReferences":{"6b2de656-facb-41aa-b502-bb84e6da4768":{"id":"58278f20-5193-41d4-8fff-a9cb70830b9e","displayName":"Office 365 Users","iconUri":"https://connectoricons-prod.azureedge.net/office365users/icon_1.0.1258.1715.png","dataSources":["Office365Users"],"dependencies":[],"dependents":[],"parameterHints":{},"isOnPremiseConnection":false,"bypassConsent":false,"dataSets":{},"apiTier":"Standard","isCustomApiConnection":false},"ab029557-ce8b-4c0b-999f-41273be46bef":{"id":"c9343736-d034-4dc2-a356-cbed13f1403b","displayName":"Office 365 Outlook","iconUri":"https://connectoricons-prod.azureedge.net/office365/icon_1.0.1273.1741.png","dataSources":["Office365"],"dependencies":[],"dependents":[],"parameterHints":{},"isOnPremiseConnection":false,"bypassConsent":false,"dataSets":{},"apiTier":"Standard","isCustomApiConnection":false},"0709996f-842f-4d9b-9d21-618afede1a91":{"id":"e52e04bd-a9a2-4b8f-8872-dd43bb0c5be3","displayName":"OneNote (Business)","iconUri":"https://connectoricons-prod.azureedge.net/onenote/icon_1.0.1258.1715.png","dataSources":["OneNote(Business)"],"dependencies":[],"dependents":[],"parameterHints":{},"isOnPremiseConnection":false,"bypassConsent":false,"dataSets":{},"apiTier":"Standard","isCustomApiConnection":false},"5867dfa2-c11f-4590-8528-e575cc1e8f82":{"id":"bf5afa68-384b-4467-b1fd-f28ad63f1f1d","displayName":"Planner","iconUri":"https://connectoricons-prod.azureedge.net/planner/icon_1.0.1264.1723.png","dataSources":["Planner"],"dependencies":[],"dependents":[],"parameterHints":{},"isOnPremiseConnection":false,"bypassConsent":false,"dataSets":{},"apiTier":"Standard","isCustomApiConnection":false}},"databaseReferences":{},"almMode":"Environment","performanceOptimizationEnabled":false},"isAppComponentLibrary":false,"appComponents":[]}}