{"schemaVersion":"1.0","appDefinitionTemplate":{"id":"/providers/Microsoft.PowerApps/apps/","type":"Microsoft.PowerApps/apps","tags":{"primaryDeviceWidth":"1366","primaryDeviceHeight":"768","sienaVersion":"20211212T064753Z-3.21113.12.0","deviceCapabilities":"","supportsPortrait":"true","supportsLandscape":"true","primaryFormFactor":"Tablet","publisherVersion":"3.21113.12","minimumRequiredApiVersion":"2.2.0","hasComponent":"true","hasUnlockedComponent":"true","isUnifiedRootApp":"false"},"properties":{"appVersion":"2021-12-12T06:47:53Z","lifeCycleId":"Published","createdByClientVersion":{"major":3,"minor":21113,"build":12,"revision":0,"majorRevision":0,"minorRevision":0},"minClientVersion":{"major":3,"minor":21113,"build":12,"revision":0,"majorRevision":0,"minorRevision":0},"backgroundColor":"rgba(0, 176, 240, 1)","backgroundImageUri":"/6670928552687538287/Nf31e582e-6ed0-4169-8245-2f146574f64b-logoSmallFile","displayName":"Multiple Attachments","description":"","commitMessage":"","appUris":{"documentUri":{"value":"/6670928552687538287/Na70b9d35-4b2a-4ea6-a82a-4e49d38b1cd8-document.msapp"},"imageUris":[]},"createdTime":"0001-01-01T00:00:00Z","lastModifiedTime":"0001-01-01T00:00:00Z","sharedGroupsCount":0,"sharedUsersCount":0,"icons":{"smallIconUri":"/6670928552687538287/N399b9665-1d94-4aef-af99-d5584b66fc62-small.png","mediumIconUri":"/6670928552687538287/N8201bc59-880a-47cb-8d17-479bd3182624-medium.png","largeIconUri":"/6670928552687538287/Nea8f897d-c7a8-4a7a-a054-f33866e62101-large.png","wideIconUri":"/6670928552687538287/Nbb541e6b-b408-47b7-bdfd-9b7f498abe80-wide.png"},"connectionReferences":{"9c8ad949-6de4-41dc-9df8-caee9ffe15c1":{"id":"445ca4a2-3a87-4370-8163-a2b83108b080","displayName":"SharePoint","iconUri":"https://connectoricons-prod.azureedge.net/releases/v1.0.1533/1.0.1533.2600/sharepointonline/icon.png","dataSources":["Expenses"],"dependencies":[],"dependents":[],"parameterHints":{},"parameterHintsV2":{},"isOnPremiseConnection":false,"bypassConsent":false,"dataSets":{"https://thepoweraddicts.sharepoint.com/sites/RDTech":{"dataSources":{"Expenses":{"tableName":"1a43f4be-62bc-4d9a-92c2-1cc35ef903d5"}}}},"apiTier":"Standard","isCustomApiConnection":false,"actions":["providers/PowerPlatform.Governance/Operations/Read","providers/PowerPlatform.Governance/Operations/Write"]}},"databaseReferences":{},"almMode":"Environment","performanceOptimizationEnabled":true,"canConsumeAppPass":true,"executionRestrictions":{"isTeamsOnly":false,"dataLossPreventionEvaluationResult":{"status":"Compliant","lastEvaluationDate":"2021-09-16T18:19:29.3086922Z","violations":[],"violationsByPolicy":[],"violationErrorMessage":"The app uses the following connectors: shared_sharepointonline."}}},"appType":"ClassicCanvasApp","appComponents":[]}}