{"schemaVersion":"1.0","appDefinitionTemplate":{"id":"/providers/Microsoft.PowerApps/apps/","type":"Microsoft.PowerApps/apps","tags":{"primaryDeviceWidth":"1366","primaryDeviceHeight":"768","sienaVersion":"20210403T232739Z-3.21033.47.0","deviceCapabilities":"","supportsPortrait":"false","supportsLandscape":"true","primaryFormFactor":"Tablet","publisherVersion":"3.21033.47","minimumRequiredApiVersion":"2.2.0","hasComponent":"false","hasUnlockedComponent":"false","isUnifiedRootApp":"false"},"properties":{"appVersion":"2021-04-03T23:27:39Z","lifeCycleId":"Published","createdByClientVersion":{"major":3,"minor":21033,"build":47,"revision":0,"majorRevision":0,"minorRevision":0},"minClientVersion":{"major":3,"minor":21033,"build":47,"revision":0,"majorRevision":0,"minorRevision":0},"backgroundColor":"rgba(165, 34, 55, 1)","backgroundImageUri":"/17944833493608925249/Ncbb23024-fc08-4a8d-b7e2-231c0ce17490-logoSmallFile","displayName":"SP List Relationship","description":"","commitMessage":"","appUris":{"documentUri":{"value":"/17944833493608925249/N5294a21c-8d27-4012-a003-06d29f853446-document.msapp"},"imageUris":[]},"createdTime":"0001-01-01T00:00:00Z","lastModifiedTime":"0001-01-01T00:00:00Z","sharedGroupsCount":0,"sharedUsersCount":0,"icons":{"smallIconUri":"/17944833493608925249/N871f4640-2aeb-449f-9128-48527232b0ac-small.png","mediumIconUri":"/17944833493608925249/N8372a9c9-6f74-441c-a8ac-ffa9999e41ac-medium.png","largeIconUri":"/17944833493608925249/N25626086-7857-42e7-8286-5b6ddfdb5be2-large.png","wideIconUri":"/17944833493608925249/N0ff22e05-ffd7-4854-8ad6-28f06bb02c95-wide.png"},"connectionReferences":{"4dec2109-98e6-4899-83ef-216daf7e3646":{"id":"445ca4a2-3a87-4370-8163-a2b83108b080","displayName":"SharePoint","iconUri":"https://connectoricons-prod.azureedge.net/releases/v1.0.1451/1.0.1451.2361/sharepointonline/icon.png","dataSources":["Content scheduler","Tasks"],"dependencies":[],"dependents":[],"parameterHints":{},"isOnPremiseConnection":false,"bypassConsent":false,"dataSets":{"https://thepoweraddicts.sharepoint.com/sites/RDTech":{"dataSources":{"Content scheduler":{"tableName":"a33245d8-c4d3-4e53-b2dc-94324a6437f5"},"Tasks":{"tableName":"85d9ba12-a13f-437c-8ac8-285aee3fcaf3"}}}},"apiTier":"Standard","isCustomApiConnection":false}},"databaseReferences":{},"almMode":"Environment","performanceOptimizationEnabled":true,"canConsumeAppPass":true,"executionRestrictions":{"isTeamsOnly":false,"dataLossPreventionEvaluationResult":{"status":"Compliant","lastEvaluationDate":"2020-12-10T23:50:36.9256815Z","violationDetails":[]}}},"isAppComponentLibrary":false,"appType":"ClassicCanvasApp","appComponents":[]}}