{"schemaVersion":"1.0","appDefinitionTemplate":{"id":"/providers/Microsoft.PowerApps/apps/","type":"Microsoft.PowerApps/apps","tags":{"primaryDeviceWidth":"640","primaryDeviceHeight":"1136","sienaVersion":"20220805T205417Z-3.22073.7.0","deviceCapabilities":"location","supportsPortrait":"true","supportsLandscape":"false","primaryFormFactor":"Phone","publisherVersion":"3.22072.25","minimumRequiredApiVersion":"2.2.0","hasComponent":"false","hasUnlockedComponent":"false","isUnifiedRootApp":"false"},"properties":{"appVersion":"2022-08-05T20:54:17Z","lifeCycleId":"Published","createdByClientVersion":{"major":3,"minor":22072,"build":25,"revision":0,"majorRevision":0,"minorRevision":0},"minClientVersion":{"major":3,"minor":22072,"build":25,"revision":0,"majorRevision":0,"minorRevision":0},"backgroundColor":"rgba(246, 88, 16, 1)","backgroundImageUri":"/10876063392364923483/N0495c3ce-ce3a-4e04-ac66-c1a4e4880091-logoSmallFile","displayName":"Event itinerary","description":"","commitMessage":"","appUris":{"documentUri":{"value":"/10876063392364923483/N050093af-010c-4460-a156-e2cc3c1773f6-document.msapp"},"imageUris":[],"additionalUris":[]},"createdTime":"0001-01-01T00:00:00Z","lastModifiedTime":"0001-01-01T00:00:00Z","sharedGroupsCount":0,"sharedUsersCount":0,"icons":{"smallIconUri":"/10876063392364923483/N00ed7a4c-49a3-4515-b10e-493f63ef6fab-small.png","mediumIconUri":"/10876063392364923483/Na2465c4a-c30b-44e2-b017-b58342a951f2-medium.png","largeIconUri":"/10876063392364923483/N7c7de665-962e-4298-89f6-1176bb16ebdb-large.png","wideIconUri":"/10876063392364923483/N28c4a825-cf78-4117-8d30-4d8e0fb7ff98-wide.png"},"connectionReferences":{"f2085e89-c825-4875-ba8f-ec229edcc3c9":{"id":"445ca4a2-3a87-4370-8163-a2b83108b080","displayName":"SharePoint","iconUri":"https://connectoricons-prod.azureedge.net/releases/v1.0.1588/1.0.1588.2938/sharepointonline/icon.png","dataSources":["Event itinerary","Work progress tracker"],"dependencies":[],"dependents":[],"parameterHints":{},"parameterHintsV2":{},"isOnPremiseConnection":false,"bypassConsent":false,"dataSets":{"https://thepoweraddicts.sharepoint.com/sites/RDPower365":{"dataSources":{"Event itinerary":{"tableName":"a4683dad-4db7-4e74-9774-257b9c394aaf"}}},"https://thepoweraddicts.sharepoint.com/sites/RDTech":{"dataSources":{"Work progress tracker":{"tableName":"0d57bfae-9ed6-49a8-a3e6-00e179c97f82"}}}},"apiTier":"Standard","isCustomApiConnection":false,"actions":["providers/PowerPlatform.Governance/Operations/Read"]},"4d0aceae-b8df-404c-9879-9156ba666c01":{"id":"d1ce3044-9a1f-4bf8-9113-c5eddafe6185","displayName":"Office 365 Users","iconUri":"https://connectoricons-prod.azureedge.net/releases/v1.0.1587/1.0.1587.2924/office365users/icon.png","dataSources":["Office365Users"],"dependencies":[],"dependents":[],"parameterHints":{},"parameterHintsV2":{},"isOnPremiseConnection":false,"bypassConsent":false,"dataSets":{},"apiTier":"Standard","isCustomApiConnection":false,"actions":["MyProfileV2","ManagerV2"]},"b05146a0-ed4c-459d-80de-b8d0443c0617":{"id":"8b9ca230-3e6e-434b-bf6e-4fcb640517ad","displayName":"Spatial Services","iconUri":"https://connectoricons-prod.azureedge.net/releases/v1.0.1586/1.0.1586.2912/microsoftspatialservices/icon.png","dataSources":["SpatialServices"],"dependencies":[],"dependents":[],"parameterHints":{},"parameterHintsV2":{},"isOnPremiseConnection":false,"bypassConsent":false,"dataSets":{},"apiTier":"Premium","isCustomApiConnection":false}},"databaseReferences":{"default.cds":{"databaseDetails":{"referenceType":"Environmental","environmentName":"default.cds","overrideValues":{"status":"NotSpecified"}},"dataSources":{"Organizations":{"entitySetName":"organizations","logicalName":"organization"}},"actions":["providers/PowerPlatform.Governance/Operations/Read"]}},"almMode":"Environment","performanceOptimizationEnabled":true,"canConsumeAppPass":true,"executionRestrictions":{"isTeamsOnly":false,"dataLossPreventionEvaluationResult":{"status":"Compliant","lastEvaluationDate":"2021-06-19T17:21:47.8108257Z","violations":[],"violationsByPolicy":[],"violationErrorMessage":"The app uses the following connectors: shared_sharepointonline, shared_microsoftspatialservices, shared_commondataservice."}}},"appType":"ClassicCanvasApp","appComponents":[]}}