{"schemaVersion":"1.0","appDefinitionTemplate":{"id":"/providers/Microsoft.PowerApps/apps/","type":"Microsoft.PowerApps/apps","tags":{"primaryDeviceWidth":"640","primaryDeviceHeight":"1136","sienaVersion":"20210503T160628Z-3.21042.21.0","deviceCapabilities":"webcam","supportsPortrait":"true","supportsLandscape":"false","primaryFormFactor":"Phone","publisherVersion":"3.21042.21","minimumRequiredApiVersion":"2.2.0","hasComponent":"false","hasUnlockedComponent":"false","isUnifiedRootApp":"false"},"properties":{"appVersion":"2021-05-03T16:06:28Z","lifeCycleId":"Published","createdByClientVersion":{"major":3,"minor":21042,"build":21,"revision":0,"majorRevision":0,"minorRevision":0},"minClientVersion":{"major":3,"minor":21042,"build":21,"revision":0,"majorRevision":0,"minorRevision":0},"backgroundColor":"rgba(0, 176, 240, 1)","backgroundImageUri":"/15315317673135938902/N311d5a3a-60ef-4683-891b-7213275a35cf-logoSmallFile","displayName":"Inspection App","description":"","commitMessage":"","appUris":{"documentUri":{"value":"/15315317673135938902/N0d13db6a-73ed-48f2-9575-dcea742e0df0-document.msapp"},"imageUris":[]},"createdTime":"0001-01-01T00:00:00Z","lastModifiedTime":"0001-01-01T00:00:00Z","sharedGroupsCount":0,"sharedUsersCount":0,"icons":{"smallIconUri":"/15315317673135938902/N6adffa39-ff41-4ec5-982c-cd23db6cb367-small.png","mediumIconUri":"/15315317673135938902/N61100a92-a9d8-4691-a497-7040a89041b1-medium.png","largeIconUri":"/15315317673135938902/Nb8236526-5741-4b8e-a7a1-6e0b35830dc0-large.png","wideIconUri":"/15315317673135938902/N56f94cc7-2437-404a-9bf1-35df63b66cb7-wide.png"},"connectionReferences":{"1764be8a-829a-4999-ae93-ca689ada5979":{"id":"445ca4a2-3a87-4370-8163-a2b83108b080","displayName":"SharePoint","iconUri":"https://connectoricons-prod.azureedge.net/releases/v1.0.1463/1.0.1463.2403/sharepointonline/icon.png","dataSources":["Inspection","Service Desk","Locations","Info"],"dependencies":[],"dependents":["2fd14562-cdc3-4893-a152-ab3689e19d7a","1d94f0ed-63fe-4ffa-afde-d89285923d36","d60c101b-f4d8-41a8-8b01-ec68c57cb78c","8971e815-f923-42a0-90fe-6642a5afdf46"],"parameterHints":{},"isOnPremiseConnection":false,"bypassConsent":false,"dataSets":{"https://thepoweraddicts.sharepoint.com/sites/RDTech":{"dataSources":{"Inspection":{"tableName":"f8a56f88-3a3a-49a0-8d54-3249bfdb364b"},"Service Desk":{"tableName":"e8f9a7f9-6102-4007-93df-dc743ee003d5"},"Info":{"tableName":"cdb17197-120b-4d11-a273-a6ba4852603a"}}},"https://thepoweraddicts.sharepoint.com/":{"dataSources":{"Locations":{"tableName":"88a7bd98-0c0c-4b31-8de0-086e8656c500"}}}},"apiTier":"Standard","isCustomApiConnection":false},"697e4fe8-18f3-440a-848d-6344ac7cac00":{"id":"8b9ca230-3e6e-434b-bf6e-4fcb640517ad","displayName":"Spatial Services","iconUri":"https://connectoricons-prod.azureedge.net/releases/v1.0.1464/1.0.1464.2404/microsoftspatialservices/icon.png","dataSources":["SpatialServices"],"dependencies":[],"dependents":[],"parameterHints":{},"isOnPremiseConnection":false,"bypassConsent":false,"dataSets":{},"apiTier":"Premium","isCustomApiConnection":false},"2fd14562-cdc3-4893-a152-ab3689e19d7a":{"id":"9024f1af-0b3d-4f67-b996-881a5468267e","displayName":"Logic flows","iconUri":"https://connectoricons-prod.azureedge.net/releases/v1.0.1438/1.0.1438.2324/logicflows/icon.png","dataSources":["ExportPDFTablularData"],"dependencies":["1764be8a-829a-4999-ae93-ca689ada5979","f0454dc3-83d7-428f-8028-4b42e55fc568","666ba031-ed02-4bf2-8259-6431b1d6259d"],"dependents":[],"parameterHints":{"workflowName":{"value":"cbb6d53a-9631-4ba3-876e-a62097dab25a"},"workflowEntityId":{},"1764be8a-829a-4999-ae93-ca689ada5979":{"value":"shared_sharepointonline"},"f0454dc3-83d7-428f-8028-4b42e55fc568":{"value":"shared_onedriveforbusiness"},"666ba031-ed02-4bf2-8259-6431b1d6259d":{"value":"shared_office365"}},"isOnPremiseConnection":false,"bypassConsent":false,"dataSets":{},"apiTier":"Standard","isCustomApiConnection":false,"actions":["Run"]},"f0454dc3-83d7-428f-8028-4b42e55fc568":{"id":"90c99fec-9f41-4aa9-8cb3-796d521c4dae","displayName":"OneDrive for Business","iconUri":"https://connectoricons-prod.azureedge.net/releases/v1.0.1464/1.0.1464.2404/onedriveforbusiness/icon.png","dataSources":[],"dependencies":[],"dependents":["2fd14562-cdc3-4893-a152-ab3689e19d7a","1d94f0ed-63fe-4ffa-afde-d89285923d36","d60c101b-f4d8-41a8-8b01-ec68c57cb78c","8971e815-f923-42a0-90fe-6642a5afdf46"],"parameterHints":{},"isOnPremiseConnection":false,"bypassConsent":false,"dataSets":{},"apiTier":"Standard","isCustomApiConnection":false},"666ba031-ed02-4bf2-8259-6431b1d6259d":{"id":"18b5f8af-406f-4e64-9714-fd90d428615a","displayName":"Office 365 Outlook","iconUri":"https://connectoricons-prod.azureedge.net/releases/v1.0.1464/1.0.1464.2404/office365/icon.png","dataSources":[],"dependencies":[],"dependents":["2fd14562-cdc3-4893-a152-ab3689e19d7a","1d94f0ed-63fe-4ffa-afde-d89285923d36","d60c101b-f4d8-41a8-8b01-ec68c57cb78c","8971e815-f923-42a0-90fe-6642a5afdf46"],"parameterHints":{},"isOnPremiseConnection":false,"bypassConsent":false,"dataSets":{},"apiTier":"Standard","isCustomApiConnection":false},"1d94f0ed-63fe-4ffa-afde-d89285923d36":{"id":"9024f1af-0b3d-4f67-b996-881a5468267e","displayName":"Logic flows","iconUri":"https://connectoricons-prod.azureedge.net/releases/v1.0.1438/1.0.1438.2324/logicflows/icon.png","dataSources":["ExportInspectionReporttoPDF"],"dependencies":["f0454dc3-83d7-428f-8028-4b42e55fc568","666ba031-ed02-4bf2-8259-6431b1d6259d","1764be8a-829a-4999-ae93-ca689ada5979"],"dependents":[],"parameterHints":{"workflowName":{"value":"6be7e1ed-47a3-4490-a9b1-8f1c29272c06"},"workflowEntityId":{},"f0454dc3-83d7-428f-8028-4b42e55fc568":{"value":"shared_onedriveforbusiness"},"666ba031-ed02-4bf2-8259-6431b1d6259d":{"value":"shared_office365"},"1764be8a-829a-4999-ae93-ca689ada5979":{"value":"shared_sharepointonline"}},"isOnPremiseConnection":false,"bypassConsent":false,"dataSets":{},"apiTier":"Standard","isCustomApiConnection":false,"actions":["Run"]},"d60c101b-f4d8-41a8-8b01-ec68c57cb78c":{"id":"9024f1af-0b3d-4f67-b996-881a5468267e","displayName":"Logic flows","iconUri":"https://connectoricons-prod.azureedge.net/releases/v1.0.1438/1.0.1438.2324/logicflows/icon.png","dataSources":["ExportInspectionReporttoPDFwithSignature"],"dependencies":["f0454dc3-83d7-428f-8028-4b42e55fc568","666ba031-ed02-4bf2-8259-6431b1d6259d","1764be8a-829a-4999-ae93-ca689ada5979"],"dependents":[],"parameterHints":{"workflowName":{"value":"1a28f44f-876d-43cc-9d52-89ee78e4cf47"},"workflowEntityId":{},"f0454dc3-83d7-428f-8028-4b42e55fc568":{"value":"shared_onedriveforbusiness"},"666ba031-ed02-4bf2-8259-6431b1d6259d":{"value":"shared_office365"},"1764be8a-829a-4999-ae93-ca689ada5979":{"value":"shared_sharepointonline"}},"isOnPremiseConnection":false,"bypassConsent":false,"dataSets":{},"apiTier":"Standard","isCustomApiConnection":false,"actions":["Run"]},"8971e815-f923-42a0-90fe-6642a5afdf46":{"id":"9024f1af-0b3d-4f67-b996-881a5468267e","displayName":"Logic flows","iconUri":"https://connectoricons-prod.azureedge.net/releases/v1.0.1438/1.0.1438.2324/logicflows/icon.png","dataSources":["ExportPDFPowerAppsData"],"dependencies":["f0454dc3-83d7-428f-8028-4b42e55fc568","666ba031-ed02-4bf2-8259-6431b1d6259d","1764be8a-829a-4999-ae93-ca689ada5979"],"dependents":[],"parameterHints":{"workflowName":{"value":"1d37df7e-1f97-42cd-b740-8d10f222c4ab"},"workflowEntityId":{},"f0454dc3-83d7-428f-8028-4b42e55fc568":{"value":"shared_onedriveforbusiness"},"666ba031-ed02-4bf2-8259-6431b1d6259d":{"value":"shared_office365"},"1764be8a-829a-4999-ae93-ca689ada5979":{"value":"shared_sharepointonline"}},"isOnPremiseConnection":false,"bypassConsent":false,"dataSets":{},"apiTier":"Standard","isCustomApiConnection":false,"actions":["Run"]}},"databaseReferences":{"default.cds":{"databaseDetails":{"referenceType":"Environmental","environmentName":"default.cds"},"dataSources":{"Organizations":{"entitySetName":"organizations","logicalName":"organization"}}}},"almMode":"Environment","performanceOptimizationEnabled":true,"canConsumeAppPass":true,"executionRestrictions":{"isTeamsOnly":false,"dataLossPreventionEvaluationResult":{"status":"Compliant","lastEvaluationDate":"2021-04-08T02:00:02.8689297Z","violationDetails":[]}}},"isAppComponentLibrary":false,"appType":"ClassicCanvasApp","appComponents":[]}}