{"schemaVersion":"1.0","appDefinitionTemplate":{"id":"/providers/Microsoft.PowerApps/apps/","type":"Microsoft.PowerApps/apps","tags":{"primaryDeviceWidth":"1366","primaryDeviceHeight":"768","sienaVersion":"20200725T195630Z-3.20071.23.0","deviceCapabilities":"","supportsPortrait":"false","supportsLandscape":"true","primaryFormFactor":"Tablet","publisherVersion":"3.20071.23","minimumRequiredApiVersion":"2.2.0","hasComponent":"false","hasUnlockedComponent":"false","isUnifiedRootApp":"false"},"properties":{"appVersion":"2020-07-25T19:56:30Z","lifeCycleId":"Published","createdByClientVersion":{"major":3,"minor":20071,"build":23,"revision":0,"majorRevision":0,"minorRevision":0},"minClientVersion":{"major":3,"minor":20071,"build":23,"revision":0,"majorRevision":0,"minorRevision":0},"backgroundColor":"rgba(0, 176, 240, 1)","backgroundImageUri":"/13563616684521465311/N26934d74-236f-4da8-a1a5-bdd6073c4e30-logoSmallFile","displayName":"Tag Multiple Files","description":"","commitMessage":"","appUris":{"documentUri":{"value":"/13563616684521465311/Nacea769e-eb1a-4f9f-ab7a-496aa192ae47-document.msapp","readonlyValue":"/13563616684521465311/Nacea769e-eb1a-4f9f-ab7a-496aa192ae47-document.msapp"},"imageUris":[]},"createdTime":"0001-01-01T00:00:00Z","lastModifiedTime":"0001-01-01T00:00:00Z","sharedGroupsCount":0,"sharedUsersCount":0,"icons":{"smallIconUri":"/13563616684521465311/Nca2895ad-6f1c-4cab-bc77-db802c8fd988-small.png","mediumIconUri":"/13563616684521465311/N7ea1ce8d-c119-4918-b837-0bab797e0899-medium.png","largeIconUri":"/13563616684521465311/N9140be09-3b37-4dd0-bd25-c197300836e2-large.png","wideIconUri":"/13563616684521465311/N17a57f34-da23-4b10-bb6a-d80a0bc47326-wide.png"},"connectionReferences":{"ba60b436-82e6-4039-b449-f5cd953ab66d":{"id":"9024f1af-0b3d-4f67-b996-881a5468267e","displayName":"Logic flows","iconUri":"https://resourcestackdeploy.blob.core.windows.net/scripts/13276078.png","dataSources":["PowerApps-SendFilesWithMetadataToSharePoint"],"dependencies":["c0ab3ae0-25c5-4ce1-ac8d-1f0ab66b80b6"],"dependents":[],"parameterHints":{"workflowName":{"value":"2cc723ee-0a96-4d0f-b18f-069718b639df"},"c0ab3ae0-25c5-4ce1-ac8d-1f0ab66b80b6":{"value":"shared_sharepointonline"}},"isOnPremiseConnection":false,"bypassConsent":false,"dataSets":{},"apiTier":"Standard","isCustomApiConnection":false},"c0ab3ae0-25c5-4ce1-ac8d-1f0ab66b80b6":{"id":"445ca4a2-3a87-4370-8163-a2b83108b080","displayName":"SharePoint","iconUri":"https://connectoricons-prod.azureedge.net/sharepointonline/icon_1.0.1363.2042.png","dataSources":["ListData"],"dependencies":[],"dependents":["ba60b436-82e6-4039-b449-f5cd953ab66d"],"parameterHints":{},"isOnPremiseConnection":false,"bypassConsent":false,"dataSets":{"https://thepoweraddicts.sharepoint.com/":{"dataSources":{"ListData":{"tableName":"868f3b3c-21fc-4299-84f3-72e35d019478"}}}},"apiTier":"Standard","isCustomApiConnection":false}},"databaseReferences":{},"almMode":"Environment","performanceOptimizationEnabled":true,"canConsumeAppPass":true},"isAppComponentLibrary":false,"appType":"ClassicCanvasApp","appComponents":[]}}