{"schemaVersion":"1.0","appDefinitionTemplate":{"id":"/providers/Microsoft.PowerApps/apps/","type":"Microsoft.PowerApps/apps","tags":{"primaryDeviceWidth":"1366","primaryDeviceHeight":"768","sienaVersion":"20211212T065452Z-3.21113.12.0","deviceCapabilities":"","supportsPortrait":"true","supportsLandscape":"true","primaryFormFactor":"Tablet","publisherVersion":"3.21113.12","minimumRequiredApiVersion":"2.2.0","hasComponent":"true","hasUnlockedComponent":"true","isUnifiedRootApp":"false"},"properties":{"appVersion":"2021-12-12T06:54:52Z","lifeCycleId":"Published","createdByClientVersion":{"major":3,"minor":21113,"build":12,"revision":0,"majorRevision":0,"minorRevision":0},"minClientVersion":{"major":3,"minor":21113,"build":12,"revision":0,"majorRevision":0,"minorRevision":0},"backgroundColor":"RGBA(0,176,240,1)","backgroundImageUri":"/7839760264103959933/N96f271ed-06e1-4c36-81cb-63a4fcd05c42-logoSmallFile","displayName":"Categorize Attachments","description":"","commitMessage":"","appUris":{"documentUri":{"value":"/7839760264103959933/N462ccaab-e45f-457d-a864-4848cf147906-document.msapp"},"imageUris":[]},"createdTime":"0001-01-01T00:00:00Z","lastModifiedTime":"0001-01-01T00:00:00Z","sharedGroupsCount":0,"sharedUsersCount":0,"icons":{"smallIconUri":"/7839760264103959933/Na49052da-7dd2-4f4a-abdb-37013efd6a85-small.png","mediumIconUri":"/7839760264103959933/N3027e76c-b3e1-4ff1-9861-3870b91c2c35-medium.png","largeIconUri":"/7839760264103959933/Nfa85e9c5-2eaa-417e-8b0f-d690cbf74d74-large.png","wideIconUri":"/7839760264103959933/N7f57f30b-b7d4-4579-92ff-375b08cf9e32-wide.png"},"connectionReferences":{"84b0b68e-447d-4661-b904-840f81934ce6":{"id":"445ca4a2-3a87-4370-8163-a2b83108b080","displayName":"SharePoint","iconUri":"https://connectoricons-prod.azureedge.net/releases/v1.0.1533/1.0.1533.2600/sharepointonline/icon.png","dataSources":["Expenses"],"dependencies":[],"dependents":[],"parameterHints":{},"parameterHintsV2":{},"isOnPremiseConnection":false,"bypassConsent":false,"dataSets":{"https://thepoweraddicts.sharepoint.com/sites/RDTech":{"dataSources":{"Expenses":{"tableName":"1a43f4be-62bc-4d9a-92c2-1cc35ef903d5"}}}},"apiTier":"Standard","isCustomApiConnection":false,"actions":["providers/PowerPlatform.Governance/Operations/Read","providers/PowerPlatform.Governance/Operations/Write"]}},"databaseReferences":{},"almMode":"Environment","performanceOptimizationEnabled":true,"canConsumeAppPass":true,"executionRestrictions":{"isTeamsOnly":false,"dataLossPreventionEvaluationResult":{"status":"Compliant","lastEvaluationDate":"2021-11-27T03:02:09.6268883Z","violations":[],"violationsByPolicy":[],"violationErrorMessage":"The app uses the following connectors: shared_sharepointonline."}}},"appType":"ClassicCanvasApp","appComponents":[]}}