{"schemaVersion":"1.0","appDefinitionTemplate":{"id":"/providers/Microsoft.PowerApps/apps/","type":"Microsoft.PowerApps/apps","tags":{"primaryDeviceWidth":"1366","primaryDeviceHeight":"768","supportsPortrait":"true","supportsLandscape":"true","primaryFormFactor":"Tablet","publisherVersion":"3.22054.15","minimumRequiredApiVersion":"2.2.0","hasComponent":"false","hasUnlockedComponent":"false","isUnifiedRootApp":"false","sienaVersion":"20220612T181237Z-3.22054.15.0"},"properties":{"appVersion":"2022-06-12T18:12:37Z","lifeCycleId":"Published","createdByClientVersion":{"major":3,"minor":22054,"build":15,"revision":0,"majorRevision":0,"minorRevision":0},"minClientVersion":{"major":3,"minor":22054,"build":15,"revision":0,"majorRevision":0,"minorRevision":0},"backgroundColor":"RGBA(0,176,240,1)","backgroundImageUri":"/16390397768513504411/Nbf0848d7-757c-4bda-b752-a8f445b3733c-logoSmallFile","displayName":"Recruitment tracker","description":"","commitMessage":"","appUris":{"documentUri":{"value":"/16390397768513504411/N49b4aa46-d8ce-42f8-992b-154a640e1f34-document.msapp"},"imageUris":[]},"createdTime":"0001-01-01T00:00:00Z","lastModifiedTime":"0001-01-01T00:00:00Z","sharedGroupsCount":0,"sharedUsersCount":0,"icons":{"smallIconUri":"/16390397768513504411/Nfac64d38-a3cf-4569-a280-5fe470a313ad-small.png","mediumIconUri":"/16390397768513504411/Ne2634264-89f5-4c0e-bf86-9f7ec36d2dbb-medium.png","largeIconUri":"/16390397768513504411/Nccb3c2f1-03d8-4bce-8bd8-c776f1408cd6-large.png","wideIconUri":"/16390397768513504411/N362b156e-82aa-4973-88fb-98ad2a9009ac-wide.png"},"connectionReferences":{"77896ff9-5991-42ec-93b3-6ac9d4f37cc3":{"id":"445ca4a2-3a87-4370-8163-a2b83108b080","displayName":"SharePoint","iconUri":"https://connectoricons-prod.azureedge.net/releases/v1.0.1578/1.0.1578.2813/sharepointonline/icon.png","dataSources":["Recruitment tracker"],"dependencies":[],"dependents":[],"parameterHints":{},"parameterHintsV2":{},"isOnPremiseConnection":false,"bypassConsent":false,"dataSets":{"https://thepoweraddicts.sharepoint.com/sites/Tecfluence":{"dataSources":{"Recruitment tracker":{"tableName":"517e7455-e15a-4ae3-9302-9d7421d67920"}}}},"apiTier":"Standard","isCustomApiConnection":false,"actions":["providers/PowerPlatform.Governance/Operations/Read","providers/PowerPlatform.Governance/Operations/Write"]}},"databaseReferences":{},"almMode":"Environment","performanceOptimizationEnabled":true,"canConsumeAppPass":true,"executionRestrictions":{"isTeamsOnly":false,"dataLossPreventionEvaluationResult":{"status":"Compliant","lastEvaluationDate":"2022-05-31T18:16:03.6732794Z","violations":[],"violationsByPolicy":[],"violationErrorMessage":"The app uses the following connectors: shared_sharepointonline."}}},"appType":"ClassicCanvasApp","appComponents":[]}}