{"schemaVersion":"1.0","appDefinitionTemplate":{"id":"/providers/Microsoft.PowerApps/apps/","type":"Microsoft.PowerApps/apps","tags":{"primaryDeviceWidth":"1366","primaryDeviceHeight":"768","sienaVersion":"20210608T135207Z-3.21053.21.0","deviceCapabilities":"","supportsPortrait":"false","supportsLandscape":"true","primaryFormFactor":"Tablet","publisherVersion":"3.21053.21","minimumRequiredApiVersion":"2.2.0","hasComponent":"false","hasUnlockedComponent":"false","isUnifiedRootApp":"false"},"properties":{"appVersion":"2021-06-08T13:52:07Z","lifeCycleId":"Published","createdByClientVersion":{"major":3,"minor":21053,"build":21,"revision":0,"majorRevision":0,"minorRevision":0},"minClientVersion":{"major":3,"minor":21053,"build":21,"revision":0,"majorRevision":0,"minorRevision":0},"backgroundColor":"rgba(66, 49, 90, 1)","backgroundImageUri":"/14607180713921267388/N3656986e-c2ba-45b8-a069-e634f59d405e-logoSmallFile","displayName":"Document Library Explorer","description":"","commitMessage":"","appUris":{"documentUri":{"value":"/14607180713921267388/Nf6a36e8f-2117-4b9f-ba52-c15c3d2dd608-document.msapp"},"imageUris":[]},"createdTime":"0001-01-01T00:00:00Z","lastModifiedTime":"0001-01-01T00:00:00Z","sharedGroupsCount":0,"sharedUsersCount":0,"icons":{"smallIconUri":"/14607180713921267388/N24f39562-f1c8-4be1-9528-d93aad7f7031-small.png","mediumIconUri":"/14607180713921267388/Na8eea7c0-5873-4c70-978e-9ff0e025a86d-medium.png","largeIconUri":"/14607180713921267388/Nf9e70e64-4b8e-40ca-94bd-145035680a7c-large.png","wideIconUri":"/14607180713921267388/N33e449b6-b545-4bb6-a5b9-db9f26349b43-wide.png"},"connectionReferences":{"b4f6caf4-0f20-4d03-b1eb-7665138adf45":{"id":"445ca4a2-3a87-4370-8163-a2b83108b080","displayName":"SharePoint","iconUri":"https://connectoricons-prod.azureedge.net/releases/v1.0.1472/1.0.1472.2427/sharepointonline/icon.png","dataSources":["Documents"],"dependencies":[],"dependents":[],"parameterHints":{},"isOnPremiseConnection":false,"bypassConsent":false,"dataSets":{"https://thepoweraddicts.sharepoint.com/sites/RDPower365":{"dataSources":{"Documents":{"tableName":"ce53fbb0-7fc4-4942-924d-5dd0b5891cbe"}}}},"apiTier":"Standard","isCustomApiConnection":false}},"databaseReferences":{},"almMode":"Environment","performanceOptimizationEnabled":true,"canConsumeAppPass":true,"executionRestrictions":{"isTeamsOnly":false,"dataLossPreventionEvaluationResult":{"status":"Compliant","lastEvaluationDate":"2021-05-17T20:59:37.845339Z","violations":[],"violationsByPolicy":[],"violationErrorMessage":"The app uses the following connectors: shared_sharepointonline."}}},"appType":"ClassicCanvasApp","appComponents":[]}}