{"schemaVersion":"1.0","appDefinitionTemplate":{"id":"/providers/Microsoft.PowerApps/apps/","type":"Microsoft.PowerApps/apps","tags":{"primaryDeviceWidth":"1366","primaryDeviceHeight":"768","sienaVersion":"20200803T223743Z-3.20072.20.0","deviceCapabilities":"","supportsPortrait":"false","supportsLandscape":"true","primaryFormFactor":"Tablet","publisherVersion":"3.20072.20","minimumRequiredApiVersion":"2.2.0","hasComponent":"false","hasUnlockedComponent":"false","isUnifiedRootApp":"false"},"properties":{"appVersion":"2020-08-03T22:37:43Z","lifeCycleId":"Published","createdByClientVersion":{"major":3,"minor":20072,"build":20,"revision":0,"majorRevision":0,"minorRevision":0},"minClientVersion":{"major":3,"minor":20072,"build":20,"revision":0,"majorRevision":0,"minorRevision":0},"backgroundColor":"rgba(0, 176, 240, 1)","backgroundImageUri":"/9335715499280130649/N8ba3d1d1-2f83-4c40-8d68-f05e1c98247d-logoSmallFile","displayName":"Tag Multiple Files","description":"","commitMessage":"","appUris":{"documentUri":{"value":"/9335715499280130649/Nc306f908-eaf1-4338-95a8-e95179b7b715-document.msapp","readonlyValue":"/9335715499280130649/Nc306f908-eaf1-4338-95a8-e95179b7b715-document.msapp"},"imageUris":[]},"createdTime":"0001-01-01T00:00:00Z","lastModifiedTime":"0001-01-01T00:00:00Z","sharedGroupsCount":0,"sharedUsersCount":0,"icons":{"smallIconUri":"/9335715499280130649/N0dc065eb-9724-4650-a386-cacb65560dce-small.png","mediumIconUri":"/9335715499280130649/Nf4d99339-a92d-4117-98ed-03e115b002ca-medium.png","largeIconUri":"/9335715499280130649/N665a04ee-830c-47f7-8c5b-f266af7a9f25-large.png","wideIconUri":"/9335715499280130649/N40e11e95-e2a5-4855-bf52-010dcd9f06c8-wide.png"},"connectionReferences":{"c0ab3ae0-25c5-4ce1-ac8d-1f0ab66b80b6":{"id":"d58cd99f-6898-42d8-adf3-b5a295472f98","displayName":"SharePoint","iconUri":"https://connectoricons-prod.azureedge.net/releases/v1.0.1371/1.0.1371.2074/sharepointonline/icon.png","dataSources":["ListData"],"dependencies":[],"dependents":["0633f5c9-aa89-413d-b19c-1e48bebd0197"],"parameterHints":{},"isOnPremiseConnection":false,"bypassConsent":false,"dataSets":{"https://rdorrani.sharepoint.com/sites/archivehome":{"dataSources":{"ListData":{"tableName":"f3a07162-470c-413b-890c-0f0c2e254efa"}}}},"apiTier":"Standard","isCustomApiConnection":false},"0633f5c9-aa89-413d-b19c-1e48bebd0197":{"id":"173ca6b3-9f40-48fb-a4c6-8d4fd1d6a017","displayName":"Logic flows","iconUri":"https://resourcestackdeploy.blob.core.windows.net/scripts/13276078.png","dataSources":["PowerApps-SendFilesWithMetadataToSharePoint"],"dependencies":["c0ab3ae0-25c5-4ce1-ac8d-1f0ab66b80b6"],"dependents":[],"parameterHints":{"workflowName":{"value":"3337006d-0767-429c-953c-44b5b5f0c05c"},"c0ab3ae0-25c5-4ce1-ac8d-1f0ab66b80b6":{"value":"shared_sharepointonline"}},"isOnPremiseConnection":false,"bypassConsent":false,"dataSets":{},"apiTier":"Standard","isCustomApiConnection":false}},"databaseReferences":{},"almMode":"Environment","performanceOptimizationEnabled":true,"canConsumeAppPass":true},"isAppComponentLibrary":false,"appType":"ClassicCanvasApp","appComponents":[]}}