{"schemaVersion":"1.0","appDefinitionTemplate":{"id":"/providers/Microsoft.PowerApps/apps/","type":"Microsoft.PowerApps/apps","tags":{"primaryDeviceWidth":"1366","primaryDeviceHeight":"768","supportsPortrait":"true","supportsLandscape":"true","primaryFormFactor":"Tablet","publisherVersion":"3.22054.15","minimumRequiredApiVersion":"2.2.0","hasComponent":"false","hasUnlockedComponent":"false","isUnifiedRootApp":"false","sienaVersion":"20220610T174215Z-3.22054.15.0"},"properties":{"appVersion":"2022-06-10T17:42:15Z","lifeCycleId":"Published","createdByClientVersion":{"major":3,"minor":22054,"build":15,"revision":0,"majorRevision":0,"minorRevision":0},"minClientVersion":{"major":3,"minor":22054,"build":15,"revision":0,"majorRevision":0,"minorRevision":0},"backgroundColor":"RGBA(0,176,240,1)","backgroundImageUri":"/7559468114099162296/N5f60ff77-8f72-4c77-afc0-fd57ebcafc26-logoSmallFile","displayName":"Power Apps Calendar","description":"","commitMessage":"","appUris":{"documentUri":{"value":"/7559468114099162296/N608b6de1-11bf-464c-9b5b-c6a6cb831d04-document.msapp"},"imageUris":[]},"createdTime":"0001-01-01T00:00:00Z","lastModifiedTime":"0001-01-01T00:00:00Z","sharedGroupsCount":0,"sharedUsersCount":0,"icons":{"smallIconUri":"/7559468114099162296/Ne89cfc86-ddd5-49a6-865f-2a5f6c1557d7-small.png","mediumIconUri":"/7559468114099162296/N8c1f86c7-9572-40d4-b342-e5143b7bd16d-medium.png","largeIconUri":"/7559468114099162296/Nda08a4f9-35cb-40c9-a8d7-10094fe3246b-large.png","wideIconUri":"/7559468114099162296/Nff4b34e4-f248-44f0-9704-291359f26a3f-wide.png"},"connectionReferences":{"dda12609-c8b8-4784-9b11-7c45d4b07ea9":{"id":"18b5f8af-406f-4e64-9714-fd90d428615a","displayName":"Office 365 Outlook","iconUri":"https://connectoricons-prod.azureedge.net/releases/v1.0.1580/1.0.1580.2838/office365/icon.png","dataSources":["Office365Outlook"],"dependencies":[],"dependents":[],"parameterHints":{},"parameterHintsV2":{},"isOnPremiseConnection":false,"bypassConsent":false,"dataSets":{},"apiTier":"Standard","isCustomApiConnection":false,"actions":["SendEmail","GetEventsCalendarViewV2","CalendarGetTables"]},"bf73a084-0d27-4ed9-97ae-f57c2ebe0147":{"id":"445ca4a2-3a87-4370-8163-a2b83108b080","displayName":"SharePoint","iconUri":"https://connectoricons-prod.azureedge.net/releases/v1.0.1578/1.0.1578.2813/sharepointonline/icon.png","dataSources":["Asset manager","Recruitment tracker","Travel requests"],"dependencies":[],"dependents":[],"parameterHints":{},"parameterHintsV2":{},"isOnPremiseConnection":false,"bypassConsent":false,"dataSets":{"https://thepoweraddicts.sharepoint.com/sites/RDTech":{"dataSources":{"Asset manager":{"tableName":"a1d2c1f2-8c89-4333-9726-44dc53a87e43"},"Travel requests":{"tableName":"720aa67b-4c4f-4a68-a3a7-ca4d15a3a756"}}},"https://thepoweraddicts.sharepoint.com/sites/Tecfluence":{"dataSources":{"Recruitment tracker":{"tableName":"517e7455-e15a-4ae3-9302-9d7421d67920"}}}},"apiTier":"Standard","isCustomApiConnection":false,"actions":["providers/PowerPlatform.Governance/Operations/Read"]},"0b4c0d2a-7e2f-40d4-88bc-3406a4733f72":{"id":"d1ce3044-9a1f-4bf8-9113-c5eddafe6185","displayName":"Office 365 Users","iconUri":"https://connectoricons-prod.azureedge.net/releases/v1.0.1573/1.0.1573.2770/office365users/icon.png","dataSources":["Office365Users"],"dependencies":[],"dependents":[],"parameterHints":{},"parameterHintsV2":{},"isOnPremiseConnection":false,"bypassConsent":false,"dataSets":{},"apiTier":"Standard","isCustomApiConnection":false,"actions":["UserPhoto_V2","SearchUser"]}},"databaseReferences":{},"almMode":"Environment","performanceOptimizationEnabled":true,"canConsumeAppPass":true,"executionRestrictions":{"isTeamsOnly":false,"dataLossPreventionEvaluationResult":{"status":"Compliant","lastEvaluationDate":"2022-06-09T17:33:04.1869082Z","violations":[],"violationsByPolicy":[],"violationErrorMessage":"The app uses the following connectors: shared_office365."}}},"appType":"ClassicCanvasApp","appComponents":[]}}