{"schemaVersion":"1.0","appDefinitionTemplate":{"id":"/providers/Microsoft.PowerApps/apps/","type":"Microsoft.PowerApps/apps","tags":{"primaryDeviceWidth":"1366","primaryDeviceHeight":"768","sienaVersion":"20211201T195148Z-3.21111.36.0","deviceCapabilities":"","supportsPortrait":"true","supportsLandscape":"true","primaryFormFactor":"Tablet","publisherVersion":"3.21111.36","minimumRequiredApiVersion":"2.2.0","hasComponent":"false","hasUnlockedComponent":"false","isUnifiedRootApp":"false"},"properties":{"appVersion":"2021-12-01T19:51:48Z","lifeCycleId":"Published","createdByClientVersion":{"major":3,"minor":21111,"build":36,"revision":0,"majorRevision":0,"minorRevision":0},"minClientVersion":{"major":3,"minor":21111,"build":36,"revision":0,"majorRevision":0,"minorRevision":0},"backgroundColor":"RGBA(0,176,240,1)","backgroundImageUri":"/13865231349753525516/N6e2ecdf5-f489-477e-9c72-ca8bba0bfa3e-logoSmallFile","displayName":"Dynamic Survey","description":"","commitMessage":"","appUris":{"documentUri":{"value":"/13865231349753525516/Ncc218847-acbc-418c-877f-a4d9dba3be1e-document.msapp"},"imageUris":[]},"createdTime":"0001-01-01T00:00:00Z","lastModifiedTime":"0001-01-01T00:00:00Z","sharedGroupsCount":0,"sharedUsersCount":0,"icons":{"smallIconUri":"/13865231349753525516/N4bc014fe-6132-4251-adc8-24f824da4611-small.png","mediumIconUri":"/13865231349753525516/N7658e157-76d6-4a85-b20a-b2ac2346c6b1-medium.png","largeIconUri":"/13865231349753525516/Naccdc908-81c1-4d00-9796-3a5d903b4d78-large.png","wideIconUri":"/13865231349753525516/Na2f9f4b3-63e6-498c-81d3-edd213e64a3f-wide.png"},"connectionReferences":{"dfe1cdeb-0860-4a5e-a226-e6ac57cd3223":{"id":"445ca4a2-3a87-4370-8163-a2b83108b080","displayName":"SharePoint","iconUri":"https://connectoricons-prod.azureedge.net/releases/v1.0.1533/1.0.1533.2600/sharepointonline/icon.png","dataSources":["Survey Results"],"dependencies":[],"dependents":[],"parameterHints":{},"parameterHintsV2":{},"isOnPremiseConnection":false,"bypassConsent":false,"dataSets":{"https://thepoweraddicts.sharepoint.com/sites/TechFly":{"dataSources":{"Survey Results":{"tableName":"5bc74f79-198f-4b8d-97f2-cccde0dfe2b5"}}}},"apiTier":"Standard","isCustomApiConnection":false,"actions":["providers/PowerPlatform.Governance/Operations/Read","providers/PowerPlatform.Governance/Operations/Write"]},"bbb0c123-4630-4cea-a7c8-670dbc14c48d":{"id":"e0a6d834-8809-41cd-a6fa-86032e186b96","displayName":"Excel Online (Business)","iconUri":"https://connectoricons-prod.azureedge.net/releases/v1.0.1535/1.0.1535.2607/excelonlinebusiness/icon.png","dataSources":["TypeA","TypeB"],"dependencies":[],"dependents":[],"parameterHints":{},"parameterHintsV2":{},"isOnPremiseConnection":false,"bypassConsent":false,"dataSets":{"me,b%2521ZS6YmLIUL0GC8T8GTmwWBE4x_AdJW4NAtaBFBbtuyJuJJUwnqjhnQ79cYw-XH5zk,01O4KDJOSBFWDEONF6GFEIOY7QAJYVFKG6":{"dataSources":{"TypeA":{"tableName":"{6DE64662-9CDB-490D-ADB4-2CF792ECE0AC}"},"TypeB":{"tableName":"{295D71CD-EE18-4D55-9CDF-611D68B6AEB1}"}}}},"apiTier":"Standard","isCustomApiConnection":false,"actions":["providers/PowerPlatform.Governance/Operations/Read"]}},"databaseReferences":{},"almMode":"Environment","performanceOptimizationEnabled":true,"canConsumeAppPass":true,"executionRestrictions":{"isTeamsOnly":false,"dataLossPreventionEvaluationResult":{"status":"Compliant","lastEvaluationDate":"2021-11-27T03:02:09.6268883Z","violations":[],"violationsByPolicy":[],"violationErrorMessage":"The app uses the following connectors: shared_sharepointonline."}}},"appType":"ClassicCanvasApp","appComponents":[]}}