{"schemaVersion":"1.0","appDefinitionTemplate":{"id":"/providers/Microsoft.PowerApps/apps/","type":"Microsoft.PowerApps/apps","tags":{"primaryDeviceWidth":"640","primaryDeviceHeight":"1136","sienaVersion":"20211026T144448Z-3.21101.26.0","deviceCapabilities":"","supportsPortrait":"true","supportsLandscape":"true","primaryFormFactor":"Phone","publisherVersion":"3.21101.26","minimumRequiredApiVersion":"2.2.0","hasComponent":"false","hasUnlockedComponent":"false","isUnifiedRootApp":"false"},"properties":{"appVersion":"2021-10-26T14:44:48Z","lifeCycleId":"Published","createdByClientVersion":{"major":3,"minor":21101,"build":26,"revision":0,"majorRevision":0,"minorRevision":0},"minClientVersion":{"major":3,"minor":21101,"build":26,"revision":0,"majorRevision":0,"minorRevision":0},"backgroundColor":"rgba(0, 176, 240, 1)","backgroundImageUri":"/15097910468060610078/Nf5a99a60-6c4a-452d-bd47-490940b8adc2-logoSmallFile","displayName":"Desk Reservation App","description":"","commitMessage":"","appUris":{"documentUri":{"value":"/15097910468060610078/Nf445a3b0-b6fc-4e59-9ce3-4bdf97e18dd8-document.msapp"},"imageUris":[]},"createdTime":"0001-01-01T00:00:00Z","lastModifiedTime":"0001-01-01T00:00:00Z","sharedGroupsCount":0,"sharedUsersCount":0,"icons":{"smallIconUri":"/15097910468060610078/Ned33d0ed-eaaa-44d2-b376-e4c4e3fc4b65-small.png","mediumIconUri":"/15097910468060610078/Naf8898a0-6bd1-40dd-bcb2-42132302ffcd-medium.png","largeIconUri":"/15097910468060610078/N42fea7c5-5070-430e-9bc8-92ffd964cf60-large.png","wideIconUri":"/15097910468060610078/N935418b4-1ed1-47a6-9b90-304321eb8a3f-wide.png"},"connectionReferences":{},"databaseReferences":{"default.cds":{"databaseDetails":{"referenceType":"Environmental","environmentName":"default.cds","overrideValues":{"status":"NotSpecified"}},"dataSources":{"Desk Reservations":{"entitySetName":"crc05_deskreservations","logicalName":"crc05_deskreservation"},"Users":{"entitySetName":"systemusers","logicalName":"systemuser"},"Desk Informations":{"entitySetName":"crc05_deskinformations","logicalName":"crc05_deskinformation"}},"actions":["providers/PowerPlatform.Governance/Operations/Read"]}},"almMode":"Environment","performanceOptimizationEnabled":true,"canConsumeAppPass":true,"executionRestrictions":{"isTeamsOnly":false,"dataLossPreventionEvaluationResult":{"status":"Compliant","lastEvaluationDate":"2021-07-04T18:57:27.4724531Z","violations":[],"violationsByPolicy":[],"violationErrorMessage":"The app uses the following connectors: shared_commondataservice."}}},"appType":"ClassicCanvasApp","appComponents":[]}}