{"schemaVersion":"1.0","appDefinitionTemplate":{"id":"/providers/Microsoft.PowerApps/apps/","type":"Microsoft.PowerApps/apps","tags":{"primaryDeviceWidth":"640","primaryDeviceHeight":"1136","sienaVersion":"20200511T173529Z-3.20043.21.0","deviceCapabilities":"webcam","supportsPortrait":"true","supportsLandscape":"false","primaryFormFactor":"Phone","publisherVersion":"3.20043.21","minimumRequiredApiVersion":"2.2.0","hasComponent":"false","hasUnlockedComponent":"false","isUnifiedRootApp":"false"},"properties":{"appVersion":"2020-05-11T17:35:29Z","lifeCycleId":"Published","createdByClientVersion":{"major":3,"minor":20043,"build":21,"revision":0,"majorRevision":0,"minorRevision":0},"minClientVersion":{"major":3,"minor":20043,"build":21,"revision":0,"majorRevision":0,"minorRevision":0},"backgroundColor":"rgba(0, 134, 208, 1)","backgroundImageUri":"/13174351836800923927/Nd63d0a88-0941-413f-8a24-52cd874e787f-Nd5ecc515-08bc-4be7-b943-32728dff26b6-logoSmallFile","displayName":"Appstronaut","description":"","commitMessage":"","appUris":{"documentUri":{"value":"/13174351836800923927/N374096eb-b0b2-40f3-a697-498f8fcb89dd-N3945e320-fbd1-48f6-80c8-a2ca06deabda-document.msapp","readonlyValue":"/13174351836800923927/N374096eb-b0b2-40f3-a697-498f8fcb89dd-N3945e320-fbd1-48f6-80c8-a2ca06deabda-document.msapp"},"imageUris":[]},"createdTime":"0001-01-01T00:00:00Z","lastModifiedTime":"0001-01-01T00:00:00Z","sharedGroupsCount":0,"sharedUsersCount":0,"icons":{"smallIconUri":"/13174351836800923927/Nc94bd756-1641-45c8-93e2-37b9690c713e-N8a5c7467-db03-4807-8400-af58cd472d44-small.png","mediumIconUri":"/13174351836800923927/N30e1920e-d93e-40fe-876d-e8865a2e22b7-N8e9be555-25e2-45e5-9c14-657d31916e32-medium.png","largeIconUri":"/13174351836800923927/N6d37b6a5-b8ce-47bb-97da-d3ff2d317f0e-Nbfb109d0-645c-4aac-b4be-08617c2199ad-large.png","wideIconUri":"/13174351836800923927/N0e00027c-7b8d-4826-af84-4b49e5f8bab1-Nfa32311f-2973-4bba-a6ca-cfb89b330170-wide.png"},"connectionReferences":{},"databaseReferences":{},"almMode":"Environment","performanceOptimizationEnabled":true,"canConsumeAppPass":true},"isAppComponentLibrary":false,"appType":"ClassicCanvasApp","appComponents":[]}}