{"schemaVersion":"1.0","appDefinitionTemplate":{"id":"/providers/Microsoft.PowerApps/apps/","type":"Microsoft.PowerApps/apps","tags":{"minimumRequiredApiVersion":"2.2.0"},"properties":{"appVersion":"2019-09-01T16:00:46Z","lifeCycleId":"Published","createdByClientVersion":{"major":3,"minor":19083,"build":21,"revision":0,"majorRevision":0,"minorRevision":0},"minClientVersion":{"major":3,"minor":19083,"build":21,"revision":0,"majorRevision":0,"minorRevision":0},"backgroundColor":"rgba(81, 92, 107, 1)","backgroundImageUri":"/5255330315396102918/N2579318a-2444-404d-b336-ceac61da7e7f-logoSmallFile","displayName":"Countdown Timer","description":"","commitMessage":"","appUris":{"documentUri":{"value":"/5255330315396102918/N65e87759-f65e-4f20-8432-30a558d1407c-document.msapp","readonlyValue":"/5255330315396102918/N65e87759-f65e-4f20-8432-30a558d1407c-document.msapp"},"imageUris":[]},"createdTime":"0001-01-01T00:00:00Z","lastModifiedTime":"0001-01-01T00:00:00Z","sharedGroupsCount":0,"sharedUsersCount":0,"icons":{"smallIconUri":"/5255330315396102918/N378979f7-0908-407b-9a5c-c64906795f6d-small.png","mediumIconUri":"/5255330315396102918/N07d772f8-46ab-41fb-b704-523e8c64099d-medium.png","largeIconUri":"/5255330315396102918/N61b19be8-d87f-4d37-9284-8e1265cae078-large.png","wideIconUri":"/5255330315396102918/N443674ad-3064-4f7b-ac96-43a96cd9294d-wide.png"},"connectionReferences":{},"databaseReferences":{},"almMode":"Environment"},"appComponents":[]}}