{"schemaVersion":"1.0","appDefinitionTemplate":{"id":"/providers/Microsoft.PowerApps/apps/","type":"Microsoft.PowerApps/apps","tags":{"primaryDeviceWidth":"1366","primaryDeviceHeight":"768","sienaVersion":"20211121T223134Z-3.21112.18.0","deviceCapabilities":"","supportsPortrait":"true","supportsLandscape":"true","primaryFormFactor":"Tablet","publisherVersion":"3.21111.36","minimumRequiredApiVersion":"2.2.0","hasComponent":"false","hasUnlockedComponent":"false","isUnifiedRootApp":"false"},"properties":{"appVersion":"2021-11-21T22:31:34Z","lifeCycleId":"Published","createdByClientVersion":{"major":3,"minor":21111,"build":36,"revision":0,"majorRevision":0,"minorRevision":0},"minClientVersion":{"major":3,"minor":21111,"build":36,"revision":0,"majorRevision":0,"minorRevision":0},"backgroundColor":"rgba(0, 176, 240, 1)","backgroundImageUri":"/11022072104232684053/N7992df7b-b0f6-4c4e-a53c-9e9667eef92a-logoSmallFile","displayName":"Asset Management","description":"","commitMessage":"","appUris":{"documentUri":{"value":"/11022072104232684053/Nf94084a6-9536-4661-ad93-2d49c729162a-document.msapp"},"imageUris":[]},"createdTime":"0001-01-01T00:00:00Z","lastModifiedTime":"0001-01-01T00:00:00Z","sharedGroupsCount":0,"sharedUsersCount":0,"icons":{"smallIconUri":"/11022072104232684053/N1b21b4c2-3990-481a-9ad2-9194213c2a7b-small.png","mediumIconUri":"/11022072104232684053/Na9295bb9-216c-4464-b74d-736e9c8f3564-medium.png","largeIconUri":"/11022072104232684053/N920f2780-da42-4785-80bb-5d7b11375f67-large.png","wideIconUri":"/11022072104232684053/N4d189a09-85b2-473f-9607-c88a333d2c6c-wide.png"},"connectionReferences":{"cc5c4631-b478-43b7-bfe8-12ac5c858f66":{"id":"445ca4a2-3a87-4370-8163-a2b83108b080","displayName":"SharePoint","iconUri":"https://connectoricons-prod.azureedge.net/releases/v1.0.1533/1.0.1533.2600/sharepointonline/icon.png","dataSources":["Asset manager"],"dependencies":[],"dependents":[],"parameterHints":{},"parameterHintsV2":{},"isOnPremiseConnection":false,"bypassConsent":false,"dataSets":{"https://thepoweraddicts.sharepoint.com/sites/RDTech":{"dataSources":{"Asset manager":{"tableName":"a1d2c1f2-8c89-4333-9726-44dc53a87e43"}}}},"apiTier":"Standard","isCustomApiConnection":false,"actions":["providers/PowerPlatform.Governance/Operations/Read","providers/PowerPlatform.Governance/Operations/Write"]}},"databaseReferences":{},"almMode":"Environment","performanceOptimizationEnabled":true,"canConsumeAppPass":true,"executionRestrictions":{"isTeamsOnly":false,"dataLossPreventionEvaluationResult":{"status":"Compliant","lastEvaluationDate":"2021-07-23T00:11:00.334763Z","violations":[],"violationsByPolicy":[],"violationErrorMessage":"The app uses the following connectors: shared_sharepointonline."}}},"appType":"ClassicCanvasApp","appComponents":[]}}