{"schemaVersion":"1.0","appDefinitionTemplate":{"id":"/providers/Microsoft.PowerApps/apps/","type":"Microsoft.PowerApps/apps","tags":{"primaryDeviceWidth":"640","primaryDeviceHeight":"1136","sienaVersion":"20210212T172002Z-3.21014.45.0","deviceCapabilities":"","supportsPortrait":"true","supportsLandscape":"false","primaryFormFactor":"Phone","publisherVersion":"3.21014.45","minimumRequiredApiVersion":"2.2.0","hasComponent":"false","hasUnlockedComponent":"false","isUnifiedRootApp":"false"},"properties":{"appVersion":"2021-02-12T17:20:02Z","lifeCycleId":"Published","createdByClientVersion":{"major":3,"minor":21014,"build":45,"revision":0,"majorRevision":0,"minorRevision":0},"minClientVersion":{"major":3,"minor":21014,"build":45,"revision":0,"majorRevision":0,"minorRevision":0},"backgroundColor":"rgba(0, 138, 0, 1)","backgroundImageUri":"/14592027099600897950/Nd8446b81-bf8d-4b15-b8b6-f63e8635b25b-logoSmallFile","displayName":"Help Desk - Cascading Dropdowns","description":"","commitMessage":"","appUris":{"documentUri":{"value":"/14592027099600897950/N82012dca-d42c-465f-9629-6b7d5e68c831-document.msapp"},"imageUris":[]},"createdTime":"0001-01-01T00:00:00Z","lastModifiedTime":"0001-01-01T00:00:00Z","sharedGroupsCount":0,"sharedUsersCount":0,"icons":{"smallIconUri":"/14592027099600897950/Nd94fbca3-928d-4cbc-99ef-b2d86ca447df-small.png","mediumIconUri":"/14592027099600897950/N7676d7e5-3f70-4542-85a1-2dce5c302431-medium.png","largeIconUri":"/14592027099600897950/N30a372cf-13fb-4020-8d90-4cba43cced6b-large.png","wideIconUri":"/14592027099600897950/N1135cf46-e766-421e-8056-14cf49355d9d-wide.png"},"connectionReferences":{"9ae376a6-c4f0-49ed-911e-f9d6fa663d8e":{"id":"445ca4a2-3a87-4370-8163-a2b83108b080","displayName":"SharePoint","iconUri":"https://connectoricons-prod.azureedge.net/releases/v1.0.1431/1.0.1431.2301/sharepointonline/icon.png","dataSources":["Service Desk","Ticket Category"],"dependencies":[],"dependents":[],"parameterHints":{},"isOnPremiseConnection":false,"bypassConsent":false,"dataSets":{"https://thepoweraddicts.sharepoint.com/sites/RDTech":{"dataSources":{"Service Desk":{"tableName":"e8f9a7f9-6102-4007-93df-dc743ee003d5"},"Ticket Category":{"tableName":"0f4bc566-62fa-4e7a-b23f-1d344d7ed4c5"}}}},"apiTier":"Standard","isCustomApiConnection":false}},"databaseReferences":{},"almMode":"Environment","performanceOptimizationEnabled":true,"canConsumeAppPass":true,"executionRestrictions":{"isTeamsOnly":false,"dataLossPreventionEvaluationResult":{"status":"Compliant","lastEvaluationDate":"2021-02-08T16:49:31.4931288Z","violationDetails":[]}}},"isAppComponentLibrary":false,"appType":"ClassicCanvasApp","appComponents":[]}}