{"schemaVersion":"1.0","appDefinitionTemplate":{"id":"/providers/Microsoft.PowerApps/apps/","type":"Microsoft.PowerApps/apps","tags":{"minimumRequiredApiVersion":"2.2.0"},"properties":{"appVersion":"2019-08-15T22:01:23Z","lifeCycleId":"Published","createdByClientVersion":{"major":3,"minor":19081,"build":20,"revision":0,"majorRevision":0,"minorRevision":0},"minClientVersion":{"major":3,"minor":19081,"build":20,"revision":0,"majorRevision":0,"minorRevision":0},"backgroundColor":"rgba(165, 34, 55, 1)","backgroundImageUri":"/4846832716804867078/Nb82f9283-6273-460e-957f-6c6c088546a2-logoSmallFile","displayName":"Meeting Notes V2","description":"An all-in-one meeting notes tool. \nView meeting details, capture notes and pictures of whiteboards, upload files and pictures, record audio, assign Planner tasks and send to all meeting attendees in one click.","appUris":{"documentUri":{"value":"/4846832716804867078/N9f15be7a-059e-4cc6-a369-83a19c7e1bbc-document.msapp","readonlyValue":"/4846832716804867078/N9f15be7a-059e-4cc6-a369-83a19c7e1bbc-document.msapp"},"imageUris":[]},"createdTime":"0001-01-01T00:00:00Z","lastModifiedTime":"0001-01-01T00:00:00Z","sharedGroupsCount":0,"sharedUsersCount":0,"icons":{"smallIconUri":"/4846832716804867078/N8135222f-da5c-4941-a88c-915a6fb23db4-small.png","mediumIconUri":"/4846832716804867078/Nd14527fe-dc91-45a9-a2f4-a01b6c410e83-medium.png","largeIconUri":"/4846832716804867078/N73a97625-f9b8-4ce8-ab9a-0b46045c6df6-large.png","wideIconUri":"/4846832716804867078/N57f454b4-ee83-45fc-a1da-4d6718e4a913-wide.png"},"connectionReferences":{"6b2de656-facb-41aa-b502-bb84e6da4768":{"id":"58278f20-5193-41d4-8fff-a9cb70830b9e","displayName":"Office 365 Users","iconUri":"https://connectoricons-prod.azureedge.net/office365users/icon_1.0.1229.1638.png","dataSources":["Office365Users"],"dependencies":[],"dependents":[],"parameterHints":{},"isOnPremiseConnection":false,"bypassConsent":false,"dataSets":{},"apiTier":"Standard","isCustomApiConnection":false},"ab029557-ce8b-4c0b-999f-41273be46bef":{"id":"c9343736-d034-4dc2-a356-cbed13f1403b","displayName":"Office 365 Outlook","iconUri":"https://connectoricons-prod.azureedge.net/office365/icon_1.0.1238.1655.png","dataSources":["Office365"],"dependencies":[],"dependents":[],"parameterHints":{},"isOnPremiseConnection":false,"bypassConsent":false,"dataSets":{},"apiTier":"Standard","isCustomApiConnection":false},"0709996f-842f-4d9b-9d21-618afede1a91":{"id":"e52e04bd-a9a2-4b8f-8872-dd43bb0c5be3","displayName":"OneNote (Business)","iconUri":"https://connectoricons-prod.azureedge.net/onenote/icon_1.0.1232.1646.png","dataSources":["OneNote(Business)"],"dependencies":[],"dependents":[],"parameterHints":{},"isOnPremiseConnection":false,"bypassConsent":false,"dataSets":{},"apiTier":"Standard","isCustomApiConnection":false},"5867dfa2-c11f-4590-8528-e575cc1e8f82":{"id":"bf5afa68-384b-4467-b1fd-f28ad63f1f1d","displayName":"Planner","iconUri":"https://connectoricons-prod.azureedge.net/planner/icon_1.0.1236.1654.png","dataSources":["Planner"],"dependencies":[],"dependents":[],"parameterHints":{},"isOnPremiseConnection":false,"bypassConsent":false,"dataSets":{},"apiTier":"Standard","isCustomApiConnection":false}},"databaseReferences":{},"almMode":"Environment"}}}