{"schemaVersion":"1.0","appDefinitionTemplate":{"id":"/providers/Microsoft.PowerApps/apps/","type":"Microsoft.PowerApps/apps","tags":{"primaryDeviceWidth":"1366","primaryDeviceHeight":"768","sienaVersion":"20210102T004609Z-3.20114.22.0","deviceCapabilities":"","supportsPortrait":"false","supportsLandscape":"true","primaryFormFactor":"Tablet","publisherVersion":"3.20114.22","minimumRequiredApiVersion":"2.2.0","hasComponent":"false","hasUnlockedComponent":"false","isUnifiedRootApp":"false"},"properties":{"appVersion":"2021-01-02T00:46:09Z","lifeCycleId":"Published","createdByClientVersion":{"major":3,"minor":20114,"build":22,"revision":0,"majorRevision":0,"minorRevision":0},"minClientVersion":{"major":3,"minor":20114,"build":22,"revision":0,"majorRevision":0,"minorRevision":0},"backgroundColor":"rgba(1, 131, 134, 1)","backgroundImageUri":"/3021783293539910210/Nefac3b40-5ebd-4bed-8b63-fd339893beca-logoSmallFile","displayName":"Paginated Gallery","description":"","commitMessage":"","appUris":{"documentUri":{"value":"/3021783293539910210/N2689be3b-96c8-4048-90f1-c9f00dfaa204-document.msapp"},"imageUris":[]},"createdTime":"0001-01-01T00:00:00Z","lastModifiedTime":"0001-01-01T00:00:00Z","sharedGroupsCount":0,"sharedUsersCount":0,"icons":{"smallIconUri":"/3021783293539910210/Neba584f2-8e0d-4f29-87e1-787be026d943-small.png","mediumIconUri":"/3021783293539910210/Ncd226a4b-6f68-4338-be7f-fe4a944af959-medium.png","largeIconUri":"/3021783293539910210/Nb9605b11-c27b-4d31-b77f-5e0b9e526350-large.png","wideIconUri":"/3021783293539910210/N447225c3-6273-4ba6-bbed-3f6d6d2e4c98-wide.png"},"connectionReferences":{"b25af06d-f5ec-409f-b369-7bb65130f4e4":{"id":"d58cd99f-6898-42d8-adf3-b5a295472f98","displayName":"SharePoint","iconUri":"https://connectoricons-prod.azureedge.net/releases/v1.0.1426/1.0.1426.2268/sharepointonline/icon.png","dataSources":["Students"],"dependencies":[],"dependents":[],"parameterHints":{},"isOnPremiseConnection":false,"bypassConsent":false,"dataSets":{"https://rdorrani.sharepoint.com/":{"dataSources":{"Students":{"tableName":"02e0e9eb-a585-4d59-994c-24c083821b98"}}}},"apiTier":"Standard","isCustomApiConnection":false}},"databaseReferences":{},"almMode":"Environment","performanceOptimizationEnabled":true,"canConsumeAppPass":true,"executionRestrictions":{"isTeamsOnly":false,"dataLossPreventionEvaluationResult":{"status":"Compliant","lastEvaluationDate":"2020-12-10T23:50:36.9256815Z","violationDetails":[]}}},"isAppComponentLibrary":false,"appType":"ClassicCanvasApp","appComponents":[]}}