{"schemaVersion":"1.0","appDefinitionTemplate":{"id":"/providers/Microsoft.PowerApps/apps/","type":"Microsoft.PowerApps/apps","tags":{"primaryDeviceWidth":"640","primaryDeviceHeight":"1136","sienaVersion":"20200809T220458Z-3.20073.28.0","deviceCapabilities":"","supportsPortrait":"true","supportsLandscape":"false","primaryFormFactor":"Phone","publisherVersion":"3.20073.28","minimumRequiredApiVersion":"2.2.0","hasComponent":"true","hasUnlockedComponent":"true","isUnifiedRootApp":"false"},"properties":{"appVersion":"2020-08-09T22:04:58Z","lifeCycleId":"Published","createdByClientVersion":{"major":3,"minor":20073,"build":28,"revision":0,"majorRevision":0,"minorRevision":0},"minClientVersion":{"major":3,"minor":20073,"build":28,"revision":0,"majorRevision":0,"minorRevision":0},"backgroundColor":"rgba(251, 101, 60, 1)","backgroundImageUri":"/14880798120881224046/Ne48d31e1-33f5-4e55-8d49-4df5b6f0f389-logoSmallFile","displayName":"AI Builder Prebuilt Models","description":"AI Builder Productivity Models - Ready to Use Models","commitMessage":"","appUris":{"documentUri":{"value":"/14880798120881224046/N9d6bb255-d914-4ea3-bae2-a421043d069b-document.msapp","readonlyValue":"/14880798120881224046/N9d6bb255-d914-4ea3-bae2-a421043d069b-document.msapp"},"imageUris":[]},"createdTime":"0001-01-01T00:00:00Z","lastModifiedTime":"0001-01-01T00:00:00Z","sharedGroupsCount":0,"sharedUsersCount":0,"icons":{"smallIconUri":"/14880798120881224046/N5a6b88f7-95ab-40e6-b3a4-a69c3fee0712-small.png","mediumIconUri":"/14880798120881224046/Nb764540e-b21a-4520-9374-78fc2d4052f6-medium.png","largeIconUri":"/14880798120881224046/N1793cd2a-d208-4426-bb46-80853e26fc92-large.png","wideIconUri":"/14880798120881224046/N18634ecd-7c99-4e0f-9fea-bb602ef903f5-wide.png"},"connectionReferences":{"6a5ec06f-b542-4cf9-99c6-6638bf32f66d":{"id":"cdbaa6bc-ed6f-4efa-8416-0866bfe80d15","displayName":"Office 365 Outlook","iconUri":"https://connectoricons-prod.azureedge.net/releases/v1.0.1381/1.0.1381.2096/office365/icon.png","dataSources":["Office365Outlook"],"dependencies":[],"dependents":[],"parameterHints":{},"isOnPremiseConnection":false,"bypassConsent":false,"dataSets":{},"apiTier":"Standard","isCustomApiConnection":false}},"databaseReferences":{"default.cds":{"databaseDetails":{"referenceType":"Environmental","environmentName":"default.cds"},"dataSources":{"43b0dc67-68af-47ae-9a9c-9e69d396ba3e":{"entitySetName":"msdyn_aimodels","logicalName":"msdyn_aimodel"}}}},"almMode":"Environment","performanceOptimizationEnabled":true,"canConsumeAppPass":true},"isAppComponentLibrary":false,"appType":"ClassicCanvasApp","appComponents":[]}}