{"schemaVersion":"1.0","appDefinitionTemplate":{"id":"/providers/Microsoft.PowerApps/apps/","type":"Microsoft.PowerApps/apps","tags":{"minimumRequiredApiVersion":"2.2.0"},"properties":{"appVersion":"2019-03-22T17:15:11Z","lifeCycleId":"Published","createdByClientVersion":{"major":3,"minor":19032,"build":13,"revision":0,"majorRevision":0,"minorRevision":0},"minClientVersion":{"major":3,"minor":19032,"build":13,"revision":0,"majorRevision":0,"minorRevision":0},"backgroundColor":"rgba(81, 92, 107, 1)","backgroundImageUri":"/11189393028266609356/N6f194458-729e-4f15-8277-984b6ae9740b-logoSmallFile","displayName":"Candy Inventory","description":"","appUris":{"documentUri":{"value":"/11189393028266609356/N4558d787-eb77-4926-bde7-d0d4e9e30609-document.msapp","readonlyValue":"/11189393028266609356/N4558d787-eb77-4926-bde7-d0d4e9e30609-document.msapp"},"imageUris":[]},"createdTime":"0001-01-01T00:00:00Z","lastModifiedTime":"0001-01-01T00:00:00Z","sharedGroupsCount":0,"sharedUsersCount":0,"icons":{"smallIconUri":"/11189393028266609356/Nfbb1e3ca-0ec0-42e8-9c93-f9c4ed4aca63-small.png","mediumIconUri":"/11189393028266609356/Nd84ecd5a-5c2d-483c-9a66-ea98d6dbc614-medium.png","largeIconUri":"/11189393028266609356/N6a82f432-3760-4e0a-b60d-2ac3ade3298e-large.png","wideIconUri":"/11189393028266609356/N54740a0e-7d59-4940-824f-0abbdfc3a532-wide.png"},"connectionReferences":{"0bcfabe3-50ad-46b7-9cc6-524a196ddd4a":{"id":"e3bf6c05-da25-412a-8b1a-abd3885a29b2","displayName":"SharePoint","iconUri":"https://connectoricons-prod.azureedge.net/sharepointonline/icon_1.0.1019.1195.png","dataSources":["Candy Inventory"],"dependencies":[],"dependents":[],"parameterHints":{},"isOnPremiseConnection":false,"bypassConsent":false,"dataSets":{"https://spoplayground.sharepoint.com/sites/Red":{"dataSources":{"Candy Inventory":{"tableName":"ba009f0d-3d71-4810-b6b3-fbf0c769aa3b"}}}},"apiTier":"Standard","isCustomApiConnection":false}},"almMode":"Environment"}}}