{"name":"1a672987-6c6a-4018-8816-e1b1bba77073","id":"/providers/Microsoft.Flow/flows/1a672987-6c6a-4018-8816-e1b1bba77073","type":"Microsoft.Flow/flows","properties":{"apiId":"/providers/Microsoft.PowerApps/apis/shared_logicflows","displayName":"Export PDF Power Apps Data","definition":{"metadata":{"workflowEntityId":null,"processAdvisorMetadata":null,"flowclientsuspensionreason":"None","flowclientsuspensiontime":null,"creator":{"id":"ddc02d42-c492-454d-94ce-778a07b5b8c6","type":"User","tenantId":"07446956-493d-42c8-ad05-e939cb52153f"},"provisioningMethod":"FromDefinition","failureAlertSubscription":true,"clientLastModifiedTime":"2021-05-02T13:03:23.0092669Z"},"$schema":"https://schema.management.azure.com/providers/Microsoft.Logic/schemas/2016-06-01/workflowdefinition.json#","contentVersion":"1.0.0.0","parameters":{"$connections":{"defaultValue":{},"type":"Object"},"$authentication":{"defaultValue":{},"type":"SecureObject"}},"triggers":{"manual":{"type":"Request","kind":"PowerApp","inputs":{"schema":{"type":"object","properties":{"UserEmail_Inputs":{"type":"any","description":"Inputs","x-ms-powerflows-param-ispartial":false},"Data_Inputs":{"type":"any","description":"Inputs","x-ms-powerflows-param-ispartial":false}},"required":["UserEmail_Inputs","Data_Inputs"]}}}},"actions":{"Create_file":{"runAfter":{"HTML":["Succeeded"]},"type":"OpenApiConnection","inputs":{"host":{"apiId":"/providers/Microsoft.PowerApps/apis/shared_onedriveforbusiness","connectionName":"shared_onedriveforbusiness","operationId":"CreateFile"},"parameters":{"folderPath":"/","name":"ServiceDeskReportFiltered.html","body":"@outputs('HTML')"},"authentication":{"value":"@json(decodeBase64(triggerOutputs().headers['X-MS-APIM-Tokens']))['$ConnectionKey']","type":"Raw"}},"runtimeConfiguration":{"contentTransfer":{"transferMode":"Chunked"}}},"Convert_file_using_path":{"runAfter":{"Create_file":["Succeeded"]},"type":"OpenApiConnection","inputs":{"host":{"apiId":"/providers/Microsoft.PowerApps/apis/shared_onedriveforbusiness","connectionName":"shared_onedriveforbusiness","operationId":"ConvertFileByPath"},"parameters":{"path":"@outputs('Create_file')?['body/Path']","type":"PDF"},"authentication":{"value":"@json(decodeBase64(triggerOutputs().headers['X-MS-APIM-Tokens']))['$ConnectionKey']","type":"Raw"}}},"Send_an_email_(V2)":{"runAfter":{"Convert_file_using_path":["Succeeded"]},"type":"OpenApiConnection","inputs":{"host":{"apiId":"/providers/Microsoft.PowerApps/apis/shared_office365","connectionName":"shared_office365","operationId":"SendEmailV2"},"parameters":{"emailMessage/To":"@triggerBody()['UserEmail_Inputs']","emailMessage/Subject":"Service Desk Report Filtered","emailMessage/Body":"<p>Attached is the Service Desk Report Filtered.</p>","emailMessage/Attachments":[{"Name":"@outputs('Convert_file_using_path')?['headers/x-ms-file-name']","ContentBytes":"@outputs('Convert_file_using_path')?['body']"}],"emailMessage/Importance":"Normal"},"authentication":{"value":"@json(decodeBase64(triggerOutputs().headers['X-MS-APIM-Tokens']))['$ConnectionKey']","type":"Raw"}}},"UserEmail":{"runAfter":{},"type":"Compose","inputs":"@triggerBody()['UserEmail_Inputs']"},"HTML":{"runAfter":{"Create_HTML_table":["Succeeded"]},"type":"Compose","inputs":"<style>\ntable {\n  border: 1px solid #1C6EA4;\n  background-color: #EEEEEE;\n  width: 100%;\n  text-align: left;\n  border-collapse: collapse;\n}\ntable td, table th {\n  border: 1px solid #AAAAAA;\n  padding: 3px 2px;\n}\ntable tbody td {\n  font-size: 13px;\n}\ntable thead {\n  background: #1C6EA4;\n  border-bottom: 2px solid #444444;\n}\ntable thead th {\n  font-size: 15px;\n  font-weight: bold;\n  color: #000000;\n  border-left: 2px solid #D0E4F5;\n}\ntable thead th:first-child {\n  border-left: none;\n}\n</style>\n   <div style=\" width:100%;color:#06038D; font-size:50px; font-weight:bold;text-align:center\">Service Desk Report</div>\n       <br><br>\n@{body('Create_HTML_table')}"},"Data":{"runAfter":{"UserEmail":["Succeeded"]},"type":"Compose","inputs":"@triggerBody()['Data_Inputs']"},"Select":{"runAfter":{"Data":["Succeeded"]},"type":"Select","inputs":{"from":"@json(outputs('Data'))","select":{"ID":"@item()?['ID']","Title":"@item()?['Title']"}}},"Create_HTML_table":{"runAfter":{"Select":["Succeeded"]},"type":"Table","inputs":{"from":"@body('Select')","format":"HTML"}},"Create_file_2":{"runAfter":{"Send_an_email_(V2)":["Succeeded"]},"type":"OpenApiConnection","inputs":{"host":{"apiId":"/providers/Microsoft.PowerApps/apis/shared_sharepointonline","connectionName":"shared_sharepointonline","operationId":"CreateFile"},"parameters":{"dataset":"https://thepoweraddicts.sharepoint.com/sites/RDTech","folderPath":"/Shared Documents","name":"@outputs('Convert_file_using_path')?['headers/x-ms-file-name']","body":"@outputs('Convert_file_using_path')?['body']"},"authentication":{"value":"@json(decodeBase64(triggerOutputs().headers['X-MS-APIM-Tokens']))['$ConnectionKey']","type":"Raw"}},"runtimeConfiguration":{"contentTransfer":{"transferMode":"Chunked"}}}}},"connectionReferences":{"shared_onedriveforbusiness":{"connectionName":"shared-onedriveforbu-47057d18-78a8-4277-bb30-e11be90924e8","source":"Invoker","id":"/providers/Microsoft.PowerApps/apis/shared_onedriveforbusiness","tier":"NotSpecified"},"shared_office365":{"connectionName":"shared-office365-2512fe54-b21e-4ba5-9919-d0f393d9c4c0","source":"Invoker","id":"/providers/Microsoft.PowerApps/apis/shared_office365","tier":"NotSpecified"},"shared_sharepointonline":{"connectionName":"a0ed098f502a4ca4bb59859b743dc374","source":"Invoker","id":"/providers/Microsoft.PowerApps/apis/shared_sharepointonline","tier":"NotSpecified"}},"flowFailureAlertSubscribed":false}}