{"schemaVersion":"1.0","appDefinitionTemplate":{"id":"/providers/Microsoft.PowerApps/apps/","type":"Microsoft.PowerApps/apps","tags":{"primaryDeviceWidth":"1366","primaryDeviceHeight":"768","sienaVersion":"20230113T175855Z-3.22122.15.0","deviceCapabilities":"","supportsPortrait":"false","supportsLandscape":"true","primaryFormFactor":"Tablet","publisherVersion":"3.22122.15","minimumRequiredApiVersion":"2.2.0","hasComponent":"false","hasUnlockedComponent":"false","isUnifiedRootApp":"false"},"properties":{"appVersion":"2023-01-13T17:58:55Z","lifeCycleId":"Published","createdByClientVersion":{"major":3,"minor":22122,"build":15,"revision":0,"majorRevision":0,"minorRevision":0},"minClientVersion":{"major":3,"minor":22122,"build":15,"revision":0,"majorRevision":0,"minorRevision":0},"backgroundColor":"rgba(66, 49, 90, 1)","backgroundImageUri":"/11381236786187124414/Ndfc12471-37af-44cb-9542-8eb920f7677e-logoSmallFile","displayName":"Document Library","description":"","commitMessage":"","appUris":{"documentUri":{"value":"/11381236786187124414/Na9065002-eac5-450b-adac-3da808d367c7-document.msapp"},"imageUris":[],"additionalUris":[]},"createdTime":"0001-01-01T00:00:00Z","lastModifiedTime":"0001-01-01T00:00:00Z","sharedGroupsCount":0,"sharedUsersCount":0,"icons":{"smallIconUri":"/11381236786187124414/Nece6c487-6f3f-4d20-b657-e7e941b4d527-small.png","mediumIconUri":"/11381236786187124414/N3d2e04b7-470c-4ec4-b76e-12e5040b4c2b-medium.png","largeIconUri":"/11381236786187124414/Ne4e13e1e-a82d-431c-aa93-6ca767847ae6-large.png","wideIconUri":"/11381236786187124414/N1fb0f305-0781-40ae-80da-c10dee093c5f-wide.png"},"connectionReferences":{"b4f6caf4-0f20-4d03-b1eb-7665138adf45":{"id":"445ca4a2-3a87-4370-8163-a2b83108b080","displayName":"SharePoint","iconUri":"https://connectoricons-prod.azureedge.net/u/juanq/gateway/greyhound/3000.150.11/1.0.1613.3116/sharepointonline/icon.png","dataSources":["Documents"],"dependencies":[],"dependents":[],"parameterHints":{},"parameterHintsV2":{},"isOnPremiseConnection":false,"bypassConsent":false,"dataSets":{"https://thepoweraddicts.sharepoint.com/sites/RDPower365":{"dataSources":{"Documents":{"tableName":"ce53fbb0-7fc4-4942-924d-5dd0b5891cbe"}}}},"apiTier":"Standard","isCustomApiConnection":false,"actions":["providers/PowerPlatform.Governance/Operations/Read","providers/PowerPlatform.Governance/Operations/Write"]},"b8ac57ff-9ad0-4015-86e2-93a6ae50da03":{"id":"691566cf-04fa-4fa8-b3bb-424b2bd34761","displayName":"Office 365 Groups","iconUri":"https://connectoricons-prod.azureedge.net/u/juanq/releases/v1.0.1609-localization/1.0.1609.3085/office365groups/icon.png","dataSources":["Office365Groups"],"dependencies":[],"dependents":[],"parameterHints":{},"parameterHintsV2":{},"isOnPremiseConnection":false,"bypassConsent":false,"dataSets":{},"apiTier":"Standard","isCustomApiConnection":false,"actions":["HttpRequest"]}},"databaseReferences":{},"almMode":"Environment","performanceOptimizationEnabled":true,"canConsumeAppPass":true,"enableModernRuntimeMode":false,"executionRestrictions":{"isTeamsOnly":false,"dataLossPreventionEvaluationResult":{"status":"Compliant","lastEvaluationDate":"2021-05-17T20:59:37.845339Z","violations":[],"violationsByPolicy":[],"violationErrorMessage":"The app uses the following connectors: shared_sharepointonline."}}},"appType":"ClassicCanvasApp","appComponents":[]}}