{"schemaVersion":"1.0","appDefinitionTemplate":{"id":"/providers/Microsoft.PowerApps/apps/","type":"Microsoft.PowerApps/apps","tags":{"primaryDeviceWidth":"1366","primaryDeviceHeight":"768","sienaVersion":"20220116T214629Z-3.21115.37.0","deviceCapabilities":"","supportsPortrait":"true","supportsLandscape":"true","primaryFormFactor":"Tablet","publisherVersion":"3.21115.37","minimumRequiredApiVersion":"2.2.0","hasComponent":"false","hasUnlockedComponent":"false","isUnifiedRootApp":"false"},"properties":{"appVersion":"2022-01-16T21:46:29Z","lifeCycleId":"Published","createdByClientVersion":{"major":3,"minor":21115,"build":37,"revision":0,"majorRevision":0,"minorRevision":0},"minClientVersion":{"major":3,"minor":21115,"build":37,"revision":0,"majorRevision":0,"minorRevision":0},"backgroundColor":"RGBA(0,176,240,1)","backgroundImageUri":"/5390526479110059090/N7184fee1-983b-4017-9668-f6047a03ff55-logoSmallFile","displayName":"Gallery Edit Form","description":"","commitMessage":"","appUris":{"documentUri":{"value":"/5390526479110059090/N74df6662-7ed3-4008-a9d3-9ef870000d18-document.msapp"},"imageUris":[]},"createdTime":"0001-01-01T00:00:00Z","lastModifiedTime":"0001-01-01T00:00:00Z","sharedGroupsCount":0,"sharedUsersCount":0,"icons":{"smallIconUri":"/5390526479110059090/N1de900fc-a5e5-48a8-802f-24bcf7763781-small.png","mediumIconUri":"/5390526479110059090/Nb6ffbf87-e1be-42c9-a40d-3456013293df-medium.png","largeIconUri":"/5390526479110059090/N7c512bce-3b5b-4eda-b156-bd731debe4d4-large.png","wideIconUri":"/5390526479110059090/N3a7dda7e-3130-4014-a9b3-b70eb301db74-wide.png"},"connectionReferences":{"229eeeec-2308-427b-a9e2-55b0ba40fdb6":{"id":"445ca4a2-3a87-4370-8163-a2b83108b080","displayName":"SharePoint","iconUri":"https://connectoricons-prod.azureedge.net/releases/v1.0.1539/1.0.1539.2620/sharepointonline/icon.png","dataSources":["Inspection"],"dependencies":[],"dependents":[],"parameterHints":{},"parameterHintsV2":{},"isOnPremiseConnection":false,"bypassConsent":false,"dataSets":{"https://thepoweraddicts.sharepoint.com/sites/RDTech":{"dataSources":{"Inspection":{"tableName":"f8a56f88-3a3a-49a0-8d54-3249bfdb364b"}}}},"apiTier":"Standard","isCustomApiConnection":false,"actions":["providers/PowerPlatform.Governance/Operations/Read","providers/PowerPlatform.Governance/Operations/Write","providers/PowerPlatform.Governance/Operations/Delete"]}},"databaseReferences":{},"almMode":"Solution","performanceOptimizationEnabled":true,"executionRestrictions":{"isTeamsOnly":false,"dataLossPreventionEvaluationResult":{"status":"Compliant","lastEvaluationDate":"2022-01-12T17:21:21.9804602Z","violations":[],"violationsByPolicy":[],"violationErrorMessage":"The app uses the following connectors: ."}}},"appType":"ClassicCanvasApp","appComponents":[]}}