{"schemaVersion":"1.0","appDefinitionTemplate":{"id":"/providers/Microsoft.PowerApps/apps/","type":"Microsoft.PowerApps/apps","tags":{"primaryDeviceWidth":"1366","primaryDeviceHeight":"768","supportsPortrait":"true","supportsLandscape":"true","primaryFormFactor":"Tablet","publisherVersion":"3.22052.27","minimumRequiredApiVersion":"2.2.0","hasComponent":"true","hasUnlockedComponent":"true","isUnifiedRootApp":"false","sienaVersion":"20220529T191333Z-3.22052.27.0"},"properties":{"appVersion":"2022-05-29T19:13:33Z","lifeCycleId":"Published","createdByClientVersion":{"major":3,"minor":22052,"build":27,"revision":0,"majorRevision":0,"minorRevision":0},"minClientVersion":{"major":3,"minor":22052,"build":27,"revision":0,"majorRevision":0,"minorRevision":0},"backgroundColor":"rgba(138, 17, 90, 1)","backgroundImageUri":"/2004377039254453678/Nd47ebbb9-2d00-47d9-887a-1f4958645f57-logoSmallFile","displayName":"Camera & Pen & Images as List Attachments","description":"","commitMessage":"","appUris":{"documentUri":{"value":"/2004377039254453678/N15e38685-cc8d-4714-b9d5-da13ca08d07c-document.msapp"},"imageUris":[]},"createdTime":"0001-01-01T00:00:00Z","lastModifiedTime":"0001-01-01T00:00:00Z","sharedGroupsCount":0,"sharedUsersCount":0,"icons":{"smallIconUri":"/2004377039254453678/N3eb7d838-9dd7-406c-850e-6b4a14fc5529-small.png","mediumIconUri":"/2004377039254453678/Ndac08e69-5afa-4896-8f44-844cf86cd76c-medium.png","largeIconUri":"/2004377039254453678/Nea9a9089-098e-488b-8f8b-7bcbd14eb7bc-large.png","wideIconUri":"/2004377039254453678/Nc55fdce9-3eb9-4b7d-9e65-ee45e91c12a3-wide.png"},"connectionReferences":{"39dc6278-b2c1-4c22-9746-0fb06e4c55df":{"id":"445ca4a2-3a87-4370-8163-a2b83108b080","displayName":"SharePoint","iconUri":"https://connectoricons-prod.azureedge.net/releases/v1.0.1568/1.0.1568.2757/sharepointonline/icon.png","dataSources":["Info Tracker"],"dependencies":[],"dependents":[],"parameterHints":{},"parameterHintsV2":{},"isOnPremiseConnection":false,"bypassConsent":false,"dataSets":{"https://thepoweraddicts.sharepoint.com/sites/Tecfluence":{"dataSources":{"Info Tracker":{"tableName":"dc17d06d-d625-4c17-a1d0-e75c413e9c3f"}}}},"apiTier":"Standard","isCustomApiConnection":false,"actions":["providers/PowerPlatform.Governance/Operations/Read","providers/PowerPlatform.Governance/Operations/Write"]}},"databaseReferences":{},"almMode":"Environment","performanceOptimizationEnabled":true,"canConsumeAppPass":true,"executionRestrictions":{"isTeamsOnly":false,"dataLossPreventionEvaluationResult":{"status":"Compliant","lastEvaluationDate":"2022-05-26T23:15:06.2752216Z","violations":[],"violationsByPolicy":[],"violationErrorMessage":"The app uses the following connectors: shared_sharepointonline."}}},"appType":"ClassicCanvasApp","appComponents":[]}}