{"name":"c1c30e01-bef8-4faa-8568-c314ba094576","id":"/providers/Microsoft.Flow/flows/c1c30e01-bef8-4faa-8568-c314ba094576","type":"Microsoft.Flow/flows","properties":{"apiId":"/providers/Microsoft.PowerApps/apis/shared_logicflows","displayName":"PowerApps - Send Files With Metadata To SharePoint","definition":{"metadata":{"workflowEntityId":null,"creator":{"id":"ddc02d42-c492-454d-94ce-778a07b5b8c6","type":"User","tenantId":"07446956-493d-42c8-ad05-e939cb52153f"},"provisioningMethod":"FromDefinition","failureAlertSubscription":true,"clientLastModifiedTime":"2020-07-25T03:24:19.0784466Z"},"$schema":"https://schema.management.azure.com/providers/Microsoft.Logic/schemas/2016-06-01/workflowdefinition.json#","contentVersion":"1.0.0.0","parameters":{"$connections":{"defaultValue":{},"type":"Object"},"$authentication":{"defaultValue":{},"type":"SecureObject"}},"triggers":{"manual":{"type":"Request","kind":"PowerApp","inputs":{"schema":{"type":"object","properties":{"Metadata_Value":{"type":"string","description":"Enter initial value","x-ms-powerflows-param-ispartial":false}},"required":["Metadata_Value"]}}}},"actions":{"Metadata":{"runAfter":{"Is_Process_Successful":["Succeeded"]},"type":"InitializeVariable","inputs":{"variables":[{"name":"varMetadata","type":"string","value":"@{triggerBody()['Metadata_Value']}"}]}},"JSONMetadata":{"runAfter":{"Metadata":["Succeeded"]},"type":"Compose","inputs":"@json(variables('varMetadata'))"},"Scope":{"actions":{"Apply_to_each_and_send_to_SharePoint_List":{"foreach":"@outputs('JSONMetadata')","actions":{"Create_item":{"runAfter":{},"metadata":{"flowSystemMetadata":{"swaggerOperationId":"PostItem"}},"type":"ApiConnection","inputs":{"host":{"connection":{"name":"@json(decodeBase64(triggerOutputs().headers['X-MS-APIM-Tokens']))['$connections']['shared_sharepointonline']['connectionId']"},"api":{"runtimeUrl":"https://unitedstates-002.azure-apim.net/apim/sharepointonline"}},"method":"post","body":{"Title":"@{item()?['Title']}","Description":"@{item()?['Desc']}","Date":"@{item()?['Date']}"},"path":"/datasets/@{encodeURIComponent(encodeURIComponent('https://thepoweraddicts.sharepoint.com/'))}/tables/@{encodeURIComponent(encodeURIComponent('868f3b3c-21fc-4299-84f3-72e35d019478'))}/items","authentication":{"type":"Raw","value":"@json(decodeBase64(triggerOutputs().headers['X-MS-APIM-Tokens']))['$ConnectionKey']"}}},"Add_attachment":{"runAfter":{"Create_item":["Succeeded"]},"metadata":{"flowSystemMetadata":{"swaggerOperationId":"CreateAttachment"}},"type":"ApiConnection","inputs":{"host":{"connection":{"name":"@json(decodeBase64(triggerOutputs().headers['X-MS-APIM-Tokens']))['$connections']['shared_sharepointonline']['connectionId']"},"api":{"runtimeUrl":"https://unitedstates-002.azure-apim.net/apim/sharepointonline"}},"method":"post","body":"@dataUriToBinary(item()?['DataStream'])","path":"/datasets/@{encodeURIComponent(encodeURIComponent('https://thepoweraddicts.sharepoint.com/'))}/tables/@{encodeURIComponent(encodeURIComponent('868f3b3c-21fc-4299-84f3-72e35d019478'))}/items/@{encodeURIComponent(encodeURIComponent(body('Create_item')?['ID']))}/attachments","queries":{"displayName":"@{items('Apply_to_each_and_send_to_SharePoint_List')?['Name']}"},"authentication":{"type":"Raw","value":"@json(decodeBase64(triggerOutputs().headers['X-MS-APIM-Tokens']))['$ConnectionKey']"}}}},"runAfter":{},"type":"Foreach"}},"runAfter":{"JSONMetadata":["Succeeded"]},"type":"Scope"},"Is_Process_Successful":{"runAfter":{},"type":"InitializeVariable","inputs":{"variables":[{"name":"varSuccess","type":"boolean"}]}},"Set_variable":{"runAfter":{"Scope":["Succeeded"]},"type":"SetVariable","inputs":{"name":"varSuccess","value":"@true"}},"Set_variable_2":{"runAfter":{"Scope":["Failed","Skipped","TimedOut"]},"type":"SetVariable","inputs":{"name":"varSuccess","value":"@false"}},"Respond_to_a_PowerApp_or_flow":{"runAfter":{"Set_variable":["Succeeded","Skipped"],"Set_variable_2":["Succeeded","Skipped"]},"type":"Response","kind":"PowerApp","inputs":{"statusCode":200,"body":{"success":"@{variables('varSuccess')}"},"schema":{"type":"object","properties":{"success":{"title":"Success","x-ms-dynamically-added":true,"type":"boolean"}}}}}},"outputs":{},"description":"Create one or more actions to happen when a button or link in PowerApps is selected. To use this flow from a PowerApp, select the control you want to trigger the flow and go to the Action tab in the PowerApps ribbon and select Flows."},"connectionReferences":{"shared_sharepointonline":{"connectionName":"a0ed098f502a4ca4bb59859b743dc374","source":"Invoker","id":"/providers/Microsoft.PowerApps/apis/shared_sharepointonline","tier":"NotSpecified"}},"flowFailureAlertSubscribed":false}}