{"schemaVersion":"1.0","appDefinitionTemplate":{"id":"/providers/Microsoft.PowerApps/apps/","type":"Microsoft.PowerApps/apps","tags":{"primaryDeviceWidth":"640","primaryDeviceHeight":"1136","sienaVersion":"20200609T183208Z-3.20053.24.0","deviceCapabilities":"","supportsPortrait":"true","supportsLandscape":"false","primaryFormFactor":"Phone","publisherVersion":"3.20053.24","minimumRequiredApiVersion":"2.2.0","hasComponent":"true","hasUnlockedComponent":"true","isUnifiedRootApp":"false"},"properties":{"appVersion":"2020-06-09T18:32:08Z","lifeCycleId":"Published","createdByClientVersion":{"major":3,"minor":20053,"build":24,"revision":0,"majorRevision":0,"minorRevision":0},"minClientVersion":{"major":3,"minor":20053,"build":24,"revision":0,"majorRevision":0,"minorRevision":0},"backgroundColor":"rgba(251, 101, 60, 1)","backgroundImageUri":"/15407031091713139386/N3de517d5-88b3-486d-b5e5-11b0a0cab68d-logoSmallFile","displayName":"AI Builder Prebuilt Models","description":"AI Builder Productivity Models - Ready to Use Models","commitMessage":"","appUris":{"documentUri":{"value":"/15407031091713139386/Nc66d8671-5904-4122-9ed3-c0a50481d445-document.msapp","readonlyValue":"/15407031091713139386/Nc66d8671-5904-4122-9ed3-c0a50481d445-document.msapp"},"imageUris":[]},"createdTime":"0001-01-01T00:00:00Z","lastModifiedTime":"0001-01-01T00:00:00Z","sharedGroupsCount":0,"sharedUsersCount":0,"icons":{"smallIconUri":"/15407031091713139386/Na16a1b1b-567a-4407-83f9-3c6775f4f9d1-small.png","mediumIconUri":"/15407031091713139386/N3f243df1-9f49-41c4-a2b5-3001d91e0ef6-medium.png","largeIconUri":"/15407031091713139386/N4739cb54-1098-44e5-b64d-f0a8616bf7df-large.png","wideIconUri":"/15407031091713139386/N3a0492fe-d117-47f9-be19-5aebd5e68378-wide.png"},"connectionReferences":{"6a5ec06f-b542-4cf9-99c6-6638bf32f66d":{"id":"18b5f8af-406f-4e64-9714-fd90d428615a","displayName":"Office 365 Outlook","iconUri":"https://connectoricons-prod.azureedge.net/office365/icon_1.0.1354.2019.png","dataSources":["Office365Outlook"],"dependencies":[],"dependents":[],"parameterHints":{},"isOnPremiseConnection":false,"bypassConsent":false,"dataSets":{},"apiTier":"Standard","isCustomApiConnection":false}},"databaseReferences":{"default.cds":{"databaseDetails":{"referenceType":"Environmental","environmentName":"default.cds"},"dataSources":{"43b0dc67-68af-47ae-9a9c-9e69d396ba3e":{"entitySetName":"msdyn_aimodels","logicalName":"msdyn_aimodel"}}}},"almMode":"Environment","performanceOptimizationEnabled":true,"canConsumeAppPass":true},"isAppComponentLibrary":false,"appType":"ClassicCanvasApp","appComponents":[]}}