{"schemaVersion":"1.0","appDefinitionTemplate":{"id":"/providers/Microsoft.PowerApps/apps/","type":"Microsoft.PowerApps/apps","tags":{"primaryDeviceWidth":"1366","primaryDeviceHeight":"768","sienaVersion":"20210602T180617Z-3.21052.17.0","deviceCapabilities":"","supportsPortrait":"false","supportsLandscape":"true","primaryFormFactor":"Tablet","publisherVersion":"3.21052.17","minimumRequiredApiVersion":"2.2.0","hasComponent":"false","hasUnlockedComponent":"false","isUnifiedRootApp":"false"},"properties":{"appVersion":"2021-06-02T18:06:17Z","lifeCycleId":"Published","createdByClientVersion":{"major":3,"minor":21052,"build":17,"revision":0,"majorRevision":0,"minorRevision":0},"minClientVersion":{"major":3,"minor":21052,"build":17,"revision":0,"majorRevision":0,"minorRevision":0},"backgroundColor":"rgba(37, 62, 143, 1)","backgroundImageUri":"/14397267418949658464/Nc3d4500c-6db9-472a-af8e-7927dbc0dd4b-logoSmallFile","displayName":"Leave Request App","description":"","commitMessage":"","appUris":{"documentUri":{"value":"/14397267418949658464/N755b751b-6e60-4e8e-9a74-799099f77213-document.msapp"},"imageUris":[]},"createdTime":"0001-01-01T00:00:00Z","lastModifiedTime":"0001-01-01T00:00:00Z","sharedGroupsCount":0,"sharedUsersCount":0,"icons":{"smallIconUri":"/14397267418949658464/Ndda450b2-1cc7-466a-bdf7-5f986df7c712-small.png","mediumIconUri":"/14397267418949658464/N813f55b7-ec4d-4f01-9ba1-85337a5b5096-medium.png","largeIconUri":"/14397267418949658464/N70ed5e55-a506-49b0-9b71-9752cd97f129-large.png","wideIconUri":"/14397267418949658464/N6acbd519-67f1-4f43-b7b0-967b230bd8b3-wide.png"},"connectionReferences":{"ad58caaa-be00-4ac5-8379-376f777c9d12":{"id":"d1ce3044-9a1f-4bf8-9113-c5eddafe6185","displayName":"Office 365 Users","iconUri":"https://connectoricons-prod.azureedge.net/releases/v1.0.1472/1.0.1472.2427/office365users/icon.png","dataSources":["Office365Users"],"dependencies":[],"dependents":["bd4a3c43-6822-4ec0-a39a-fce98568aa60"],"parameterHints":{},"isOnPremiseConnection":false,"bypassConsent":false,"dataSets":{},"apiTier":"Standard","isCustomApiConnection":false,"actions":["ManagerV2"]},"76a12617-43a0-43f7-8b5b-0a5e98afe045":{"id":"445ca4a2-3a87-4370-8163-a2b83108b080","displayName":"SharePoint","iconUri":"https://connectoricons-prod.azureedge.net/releases/v1.0.1472/1.0.1472.2427/sharepointonline/icon.png","dataSources":["Leave Request"],"dependencies":[],"dependents":["bd4a3c43-6822-4ec0-a39a-fce98568aa60"],"parameterHints":{},"isOnPremiseConnection":false,"bypassConsent":false,"dataSets":{"https://thepoweraddicts.sharepoint.com/sites/RDPower365":{"dataSources":{"Leave Request":{"tableName":"a210fda1-e0b5-43d3-b831-1e55102064b1"}}}},"apiTier":"Standard","isCustomApiConnection":false},"bd4a3c43-6822-4ec0-a39a-fce98568aa60":{"id":"9024f1af-0b3d-4f67-b996-881a5468267e","displayName":"Logic flows","iconUri":"https://connectoricons-prod.azureedge.net/releases/v1.0.1438/1.0.1438.2324/logicflows/icon.png","dataSources":["LeaveRequestApprovalProcessflow"],"dependencies":["76a12617-43a0-43f7-8b5b-0a5e98afe045","ad58caaa-be00-4ac5-8379-376f777c9d12","c8e0a1af-133f-40a1-b8d8-fbea4739f50c"],"dependents":[],"parameterHints":{"workflowName":{"value":"b5c58bdf-a1c3-4ded-b649-7bc2d7ed74ba"},"workflowEntityId":{},"76a12617-43a0-43f7-8b5b-0a5e98afe045":{"value":"shared_sharepointonline"},"ad58caaa-be00-4ac5-8379-376f777c9d12":{"value":"shared_office365users"},"c8e0a1af-133f-40a1-b8d8-fbea4739f50c":{"value":"shared_approvals"}},"isOnPremiseConnection":false,"bypassConsent":false,"dataSets":{},"apiTier":"Standard","isCustomApiConnection":false,"actions":["Run"]},"c8e0a1af-133f-40a1-b8d8-fbea4739f50c":{"id":"35c7a9e7-2e0f-4011-ae1d-bb38970a6cc1","displayName":"Approvals","iconUri":"https://connectoricons-prod.azureedge.net/releases/v1.0.1444/1.0.1444.2347/approvals/icon.png","dataSources":[],"dependencies":[],"dependents":["bd4a3c43-6822-4ec0-a39a-fce98568aa60"],"parameterHints":{},"isOnPremiseConnection":false,"bypassConsent":false,"dataSets":{},"apiTier":"Standard","isCustomApiConnection":false}},"databaseReferences":{},"almMode":"Environment","performanceOptimizationEnabled":true,"canConsumeAppPass":true,"executionRestrictions":{"isTeamsOnly":false,"dataLossPreventionEvaluationResult":{"status":"Compliant","lastEvaluationDate":"2021-05-08T22:13:58.5958417Z","violations":[],"violationsByPolicy":[],"violationErrorMessage":"The app uses the following connectors: shared_office365users, shared_sharepointonline."}}},"appType":"ClassicCanvasApp","appComponents":[]}}