{"schemaVersion":"1.0","appDefinitionTemplate":{"id":"/providers/Microsoft.PowerApps/apps/","type":"Microsoft.PowerApps/apps","tags":{"primaryDeviceWidth":"1366","primaryDeviceHeight":"768","sienaVersion":"20210921T184501Z-3.21085.31.0","deviceCapabilities":"","supportsPortrait":"true","supportsLandscape":"true","primaryFormFactor":"Tablet","publisherVersion":"3.21085.31","minimumRequiredApiVersion":"2.2.0","hasComponent":"false","hasUnlockedComponent":"false","isUnifiedRootApp":"false"},"properties":{"appVersion":"2021-09-21T18:45:01Z","lifeCycleId":"Published","createdByClientVersion":{"major":3,"minor":21085,"build":31,"revision":0,"majorRevision":0,"minorRevision":0},"minClientVersion":{"major":3,"minor":21085,"build":31,"revision":0,"majorRevision":0,"minorRevision":0},"backgroundColor":"rgba(0, 36, 71, 1)","backgroundImageUri":"/597319934561406801/N081466c9-1f3a-4358-a9da-b49e95933a32-logoSmallFile","displayName":"Power Apps Grid with Bulk Features","description":"","commitMessage":"","appUris":{"documentUri":{"value":"/597319934561406801/N5da3f92c-f9fd-461c-8bec-952d24fe3c91-document.msapp"},"imageUris":[]},"createdTime":"0001-01-01T00:00:00Z","lastModifiedTime":"0001-01-01T00:00:00Z","sharedGroupsCount":0,"sharedUsersCount":0,"icons":{"smallIconUri":"/597319934561406801/N5cfbf20e-fc78-4cf0-a1fe-ae650f919deb-small.png","mediumIconUri":"/597319934561406801/N24049c82-cb84-4c7c-90ad-a8cb7f95859b-medium.png","largeIconUri":"/597319934561406801/N074fd96b-3507-48db-8ce4-21cf2d1695ae-large.png","wideIconUri":"/597319934561406801/Nf88d7f97-8554-46f1-b79b-0b38c54ebece-wide.png"},"connectionReferences":{"50050296-75a1-4e37-ae8e-a9d0c79d4292":{"id":"445ca4a2-3a87-4370-8163-a2b83108b080","displayName":"SharePoint","iconUri":"https://connectoricons-prod.azureedge.net/releases/v1.0.1487/1.0.1487.2472/sharepointonline/icon.png","dataSources":["Task Assignments"],"dependencies":[],"dependents":[],"parameterHints":{},"parameterHintsV2":{},"isOnPremiseConnection":false,"bypassConsent":false,"dataSets":{"https://thepoweraddicts.sharepoint.com/sites/RDTech":{"dataSources":{"Task Assignments":{"tableName":"f4475f44-07a8-47ea-8d32-7ae96133a5c4"}}}},"apiTier":"Standard","isCustomApiConnection":false,"actions":["providers/PowerPlatform.Governance/Operations/Read","providers/PowerPlatform.Governance/Operations/Write","providers/PowerPlatform.Governance/Operations/Delete"]}},"databaseReferences":{},"almMode":"Environment","performanceOptimizationEnabled":true,"canConsumeAppPass":true,"executionRestrictions":{"isTeamsOnly":false,"dataLossPreventionEvaluationResult":{"status":"Compliant","lastEvaluationDate":"2021-09-12T19:37:13.9017451Z","violations":[],"violationsByPolicy":[],"violationErrorMessage":"The app uses the following connectors: shared_sharepointonline."}}},"appType":"ClassicCanvasApp","appComponents":[]}}