{"schemaVersion":"1.0","appDefinitionTemplate":{"id":"/providers/Microsoft.PowerApps/apps/","type":"Microsoft.PowerApps/apps","tags":{"primaryDeviceWidth":"1366","primaryDeviceHeight":"768","sienaVersion":"20201122T224058Z-3.20111.52.0","deviceCapabilities":"","supportsPortrait":"false","supportsLandscape":"true","primaryFormFactor":"Tablet","publisherVersion":"3.20111.52","minimumRequiredApiVersion":"2.2.0","hasComponent":"false","hasUnlockedComponent":"false","isUnifiedRootApp":"false"},"properties":{"appVersion":"2020-11-22T22:40:58Z","lifeCycleId":"Published","createdByClientVersion":{"major":3,"minor":20111,"build":52,"revision":0,"majorRevision":0,"minorRevision":0},"minClientVersion":{"major":3,"minor":20111,"build":52,"revision":0,"majorRevision":0,"minorRevision":0},"backgroundColor":"rgba(0, 176, 240, 1)","backgroundImageUri":"/6141512568744284965/Na637629a-a7bc-4d54-982f-97c51b71187a-logoSmallFile","displayName":"Bulk Updates - CDS","description":"","commitMessage":"","appUris":{"documentUri":{"value":"/6141512568744284965/Nba18f9b5-38d9-4154-97df-519b4c78389a-document.msapp"},"imageUris":[]},"createdTime":"0001-01-01T00:00:00Z","lastModifiedTime":"0001-01-01T00:00:00Z","sharedGroupsCount":0,"sharedUsersCount":0,"icons":{"smallIconUri":"/6141512568744284965/Na2de8a0a-10a9-45e4-92bf-71840b9c46a2-small.png","mediumIconUri":"/6141512568744284965/N5cad20cf-822a-4aa0-962c-b74f809cf7bb-medium.png","largeIconUri":"/6141512568744284965/N20d33b8a-a550-4683-9f46-2fe56d351083-large.png","wideIconUri":"/6141512568744284965/Ne69cce39-e177-46ab-ab25-16a8efb84c44-wide.png"},"connectionReferences":{"b01dc799-4476-4103-b571-86e6892c196b":{"id":"d1ce3044-9a1f-4bf8-9113-c5eddafe6185","displayName":"Office 365 Users","iconUri":"https://connectoricons-prod.azureedge.net/releases/v1.0.1411/1.0.1411.2206/office365users/icon.png","dataSources":["Office365Users"],"dependencies":[],"dependents":[],"parameterHints":{},"isOnPremiseConnection":false,"bypassConsent":false,"dataSets":{},"apiTier":"Standard","isCustomApiConnection":false,"actions":["UserPhotoV2","SearchUser"]}},"databaseReferences":{"default.cds":{"databaseDetails":{"referenceType":"Environmental","environmentName":"default.cds"},"dataSources":{"Tasks":{"entitySetName":"crc05_tasks","logicalName":"crc05_task"}}}},"almMode":"Solution","performanceOptimizationEnabled":true,"canConsumeAppPass":true,"executionRestrictions":{"isTeamsOnly":false,"dataLossPreventionEvaluationResult":{"status":"Compliant","lastEvaluationDate":"2020-11-08T22:06:22.4833376Z","violationDetails":[]}}},"isAppComponentLibrary":false,"appType":"ClassicCanvasApp","appComponents":[]}}